FFFFFFFFF.FFFFFFFEFFF
======================================================================
ERROR: test_unknown_or_malformed_manifest_conflict_preserves_bytes (evaluations.test_repaired_pipeline.PipelineRepairs.test_unknown_or_malformed_manifest_conflict_preserves_bytes)
----------------------------------------------------------------------
Traceback (most recent call last):
  File "/workspace/scratch/26b6d364cfda/intune-iac-repaired/evaluations/test_repaired_pipeline.py", line 52, in test_unknown_or_malformed_manifest_conflict_preserves_bytes
    with self.assertRaises(FileExistsError):write_project(f,dest)
                                            ^^^^^^^^^^^^^^^^^^^^^
  File "/workspace/scratch/26b6d364cfda/intune-iac-repaired/reference/core.py", line 382, in write_project
    previous=json.loads(mf.read_text())
             ^^^^^^^^^^^^^^^^^^^^^^^^^^
  File "/opt/codex/runtimes/codex-primary-runtime/dependencies/python/lib/python3.12/json/__init__.py", line 346, in loads
    return _default_decoder.decode(s)
           ^^^^^^^^^^^^^^^^^^^^^^^^^^
  File "/opt/codex/runtimes/codex-primary-runtime/dependencies/python/lib/python3.12/json/decoder.py", line 338, in decode
    obj, end = self.raw_decode(s, idx=_w(s, 0).end())
               ^^^^^^^^^^^^^^^^^^^^^^^^^^^^^^^^^^^^^^
  File "/opt/codex/runtimes/codex-primary-runtime/dependencies/python/lib/python3.12/json/decoder.py", line 354, in raw_decode
    obj, end = self.scan_once(s, idx)
               ^^^^^^^^^^^^^^^^^^^^^^
json.decoder.JSONDecodeError: Expecting property name enclosed in double quotes: line 1 column 2 (char 1)

======================================================================
FAIL: test_duplicate_reference_in_both_orders (evaluations.test_repaired_pipeline.PipelineRepairs.test_duplicate_reference_in_both_orders)
----------------------------------------------------------------------
Traceback (most recent call last):
  File "/workspace/scratch/26b6d364cfda/intune-iac-repaired/evaluations/test_repaired_pipeline.py", line 35, in test_duplicate_reference_in_both_orders
    b=copy.deepcopy(B);b['references'].append(copy.deepcopy(b['references'][0]));self.blocked(b);b['references'].reverse();self.blocked(b)
                                                                                 ^^^^^^^^^^^^^^^
  File "/workspace/scratch/26b6d364cfda/intune-iac-repaired/evaluations/test_repaired_pipeline.py", line 16, in blocked
    self.assertTrue(n['blockers']);self.assertFalse(n['offline_mapping_complete'])
    ^^^^^^^^^^^^^^^^^^^^^^^^^^^^^^
AssertionError: [] is not true

======================================================================
FAIL: test_executable_registry_and_trusted_python (evaluations.test_repaired_pipeline.PipelineRepairs.test_executable_registry_and_trusted_python) (executable='AUDIT=probe')
----------------------------------------------------------------------
Traceback (most recent call last):
  File "/workspace/scratch/26b6d364cfda/intune-iac-repaired/evaluations/test_repaired_pipeline.py", line 57, in test_executable_registry_and_trusted_python
    with self.assertRaises(ValueError):render_bash(executable,[])
         ^^^^^^^^^^^^^^^^^^^^^^^^^^^^^
AssertionError: ValueError not raised

======================================================================
FAIL: test_executable_registry_and_trusted_python (evaluations.test_repaired_pipeline.PipelineRepairs.test_executable_registry_and_trusted_python) (executable='eval')
----------------------------------------------------------------------
Traceback (most recent call last):
  File "/workspace/scratch/26b6d364cfda/intune-iac-repaired/evaluations/test_repaired_pipeline.py", line 57, in test_executable_registry_and_trusted_python
    with self.assertRaises(ValueError):render_bash(executable,[])
         ^^^^^^^^^^^^^^^^^^^^^^^^^^^^^
AssertionError: ValueError not raised

======================================================================
FAIL: test_executable_registry_and_trusted_python (evaluations.test_repaired_pipeline.PipelineRepairs.test_executable_registry_and_trusted_python) (executable='exec')
----------------------------------------------------------------------
Traceback (most recent call last):
  File "/workspace/scratch/26b6d364cfda/intune-iac-repaired/evaluations/test_repaired_pipeline.py", line 57, in test_executable_registry_and_trusted_python
    with self.assertRaises(ValueError):render_bash(executable,[])
         ^^^^^^^^^^^^^^^^^^^^^^^^^^^^^
AssertionError: ValueError not raised

======================================================================
FAIL: test_executable_registry_and_trusted_python (evaluations.test_repaired_pipeline.PipelineRepairs.test_executable_registry_and_trusted_python) (executable='true')
----------------------------------------------------------------------
Traceback (most recent call last):
  File "/workspace/scratch/26b6d364cfda/intune-iac-repaired/evaluations/test_repaired_pipeline.py", line 57, in test_executable_registry_and_trusted_python
    with self.assertRaises(ValueError):render_bash(executable,[])
         ^^^^^^^^^^^^^^^^^^^^^^^^^^^^^
AssertionError: ValueError not raised

======================================================================
FAIL: test_executable_registry_and_trusted_python (evaluations.test_repaired_pipeline.PipelineRepairs.test_executable_registry_and_trusted_python) (executable='if')
----------------------------------------------------------------------
Traceback (most recent call last):
  File "/workspace/scratch/26b6d364cfda/intune-iac-repaired/evaluations/test_repaired_pipeline.py", line 57, in test_executable_registry_and_trusted_python
    with self.assertRaises(ValueError):render_bash(executable,[])
         ^^^^^^^^^^^^^^^^^^^^^^^^^^^^^
AssertionError: ValueError not raised

======================================================================
FAIL: test_executable_registry_and_trusted_python (evaluations.test_repaired_pipeline.PipelineRepairs.test_executable_registry_and_trusted_python) (executable='unknown-executable')
----------------------------------------------------------------------
Traceback (most recent call last):
  File "/workspace/scratch/26b6d364cfda/intune-iac-repaired/evaluations/test_repaired_pipeline.py", line 57, in test_executable_registry_and_trusted_python
    with self.assertRaises(ValueError):render_bash(executable,[])
         ^^^^^^^^^^^^^^^^^^^^^^^^^^^^^
AssertionError: ValueError not raised

======================================================================
FAIL: test_forged_mapping_complete_rejected (evaluations.test_repaired_pipeline.PipelineRepairs.test_forged_mapping_complete_rejected)
----------------------------------------------------------------------
Traceback (most recent call last):
  File "/workspace/scratch/26b6d364cfda/intune-iac-repaired/evaluations/test_repaired_pipeline.py", line 67, in test_forged_mapping_complete_rejected
    with self.assertRaises(ValueError):generate_files(n,C)
         ^^^^^^^^^^^^^^^^^^^^^^^^^^^^^
AssertionError: ValueError not raised

======================================================================
FAIL: test_generation_context_selected_and_versions (evaluations.test_repaired_pipeline.PipelineRepairs.test_generation_context_selected_and_versions)
----------------------------------------------------------------------
Traceback (most recent call last):
  File "/workspace/scratch/26b6d364cfda/intune-iac-repaired/evaluations/test_repaired_pipeline.py", line 64, in test_generation_context_selected_and_versions
    with self.assertRaises(ValueError):generate_files(n,{**C,**change})
         ^^^^^^^^^^^^^^^^^^^^^^^^^^^^^
AssertionError: ValueError not raised

======================================================================
FAIL: test_initial_queries_not_complete (evaluations.test_repaired_pipeline.PipelineRepairs.test_initial_queries_not_complete) (q='?$skiptoken=second')
----------------------------------------------------------------------
Traceback (most recent call last):
  File "/workspace/scratch/26b6d364cfda/intune-iac-repaired/evaluations/test_repaired_pipeline.py", line 27, in test_initial_queries_not_complete
    b=copy.deepcopy(B);b['collections'][2]['pages'][0]['request_url']+=q;self.blocked(b)
                                                                         ^^^^^^^^^^^^^^^
  File "/workspace/scratch/26b6d364cfda/intune-iac-repaired/evaluations/test_repaired_pipeline.py", line 16, in blocked
    self.assertTrue(n['blockers']);self.assertFalse(n['offline_mapping_complete'])
    ^^^^^^^^^^^^^^^^^^^^^^^^^^^^^^
AssertionError: [] is not true

======================================================================
FAIL: test_initial_queries_not_complete (evaluations.test_repaired_pipeline.PipelineRepairs.test_initial_queries_not_complete) (q='?$filter=id%20ne%20null')
----------------------------------------------------------------------
Traceback (most recent call last):
  File "/workspace/scratch/26b6d364cfda/intune-iac-repaired/evaluations/test_repaired_pipeline.py", line 27, in test_initial_queries_not_complete
    b=copy.deepcopy(B);b['collections'][2]['pages'][0]['request_url']+=q;self.blocked(b)
                                                                         ^^^^^^^^^^^^^^^
  File "/workspace/scratch/26b6d364cfda/intune-iac-repaired/evaluations/test_repaired_pipeline.py", line 16, in blocked
    self.assertTrue(n['blockers']);self.assertFalse(n['offline_mapping_complete'])
    ^^^^^^^^^^^^^^^^^^^^^^^^^^^^^^
AssertionError: [] is not true

======================================================================
FAIL: test_initial_queries_not_complete (evaluations.test_repaired_pipeline.PipelineRepairs.test_initial_queries_not_complete) (q='?$select=id,target')
----------------------------------------------------------------------
Traceback (most recent call last):
  File "/workspace/scratch/26b6d364cfda/intune-iac-repaired/evaluations/test_repaired_pipeline.py", line 27, in test_initial_queries_not_complete
    b=copy.deepcopy(B);b['collections'][2]['pages'][0]['request_url']+=q;self.blocked(b)
                                                                         ^^^^^^^^^^^^^^^
  File "/workspace/scratch/26b6d364cfda/intune-iac-repaired/evaluations/test_repaired_pipeline.py", line 16, in blocked
    self.assertTrue(n['blockers']);self.assertFalse(n['offline_mapping_complete'])
    ^^^^^^^^^^^^^^^^^^^^^^^^^^^^^^
AssertionError: [] is not true

======================================================================
FAIL: test_initial_queries_not_complete (evaluations.test_repaired_pipeline.PipelineRepairs.test_initial_queries_not_complete) (q='?$top=1')
----------------------------------------------------------------------
Traceback (most recent call last):
  File "/workspace/scratch/26b6d364cfda/intune-iac-repaired/evaluations/test_repaired_pipeline.py", line 27, in test_initial_queries_not_complete
    b=copy.deepcopy(B);b['collections'][2]['pages'][0]['request_url']+=q;self.blocked(b)
                                                                         ^^^^^^^^^^^^^^^
  File "/workspace/scratch/26b6d364cfda/intune-iac-repaired/evaluations/test_repaired_pipeline.py", line 16, in blocked
    self.assertTrue(n['blockers']);self.assertFalse(n['offline_mapping_complete'])
    ^^^^^^^^^^^^^^^^^^^^^^^^^^^^^^
AssertionError: [] is not true

======================================================================
FAIL: test_initial_queries_not_complete (evaluations.test_repaired_pipeline.PipelineRepairs.test_initial_queries_not_complete) (q='?$expand=children')
----------------------------------------------------------------------
Traceback (most recent call last):
  File "/workspace/scratch/26b6d364cfda/intune-iac-repaired/evaluations/test_repaired_pipeline.py", line 27, in test_initial_queries_not_complete
    b=copy.deepcopy(B);b['collections'][2]['pages'][0]['request_url']+=q;self.blocked(b)
                                                                         ^^^^^^^^^^^^^^^
  File "/workspace/scratch/26b6d364cfda/intune-iac-repaired/evaluations/test_repaired_pipeline.py", line 16, in blocked
    self.assertTrue(n['blockers']);self.assertFalse(n['offline_mapping_complete'])
    ^^^^^^^^^^^^^^^^^^^^^^^^^^^^^^
AssertionError: [] is not true

======================================================================
FAIL: test_malformed_setting_variants (evaluations.test_repaired_pipeline.PipelineRepairs.test_malformed_setting_variants)
----------------------------------------------------------------------
Traceback (most recent call last):
  File "/workspace/scratch/26b6d364cfda/intune-iac-repaired/evaluations/test_repaired_pipeline.py", line 30, in test_malformed_setting_variants
    b=copy.deepcopy(B);mutate(b);self.blocked(b)
                                 ^^^^^^^^^^^^^^^
  File "/workspace/scratch/26b6d364cfda/intune-iac-repaired/evaluations/test_repaired_pipeline.py", line 16, in blocked
    self.assertTrue(n['blockers']);self.assertFalse(n['offline_mapping_complete'])
    ^^^^^^^^^^^^^^^^^^^^^^^^^^^^^^
AssertionError: [] is not true

======================================================================
FAIL: test_provider_projection_exact (evaluations.test_repaired_pipeline.PipelineRepairs.test_provider_projection_exact)
----------------------------------------------------------------------
Traceback (most recent call last):
  File "/workspace/scratch/26b6d364cfda/intune-iac-repaired/evaluations/test_repaired_pipeline.py", line 23, in test_provider_projection_exact
    self.assertEqual(n['desired']['settings']['settings'],[{'id':'0','settingInstance':setting(B)['settingInstance']}])
AssertionError: Lists differ: [{'@odata.type': '#microsoft.graph.deviceMan[502 chars]]}}}] != [{'id': '0', 'settingInstance': {'@odata.typ[441 chars]]}}}]

First differing element 0:
{'@odata.type': '#microsoft.graph.deviceMan[501 chars][]}}}
{'id': '0', 'settingInstance': {'@odata.typ[440 chars][]}}}

Diff is 786 characters long. Set self.maxDiff to None to see it.

======================================================================
FAIL: test_unknown_value_and_key_canaries_absent (evaluations.test_repaired_pipeline.PipelineRepairs.test_unknown_value_and_key_canaries_absent)
----------------------------------------------------------------------
Traceback (most recent call last):
  File "/workspace/scratch/26b6d364cfda/intune-iac-repaired/evaluations/test_repaired_pipeline.py", line 39, in test_unknown_value_and_key_canaries_absent
    self.assertNotIn('KEY_CANARY_9172',serialized);self.assertNotIn('VALUE_CANARY_9172',serialized)
    ^^^^^^^^^^^^^^^^^^^^^^^^^^^^^^^^^^^^^^^^^^^^^^
AssertionError: 'KEY_CANARY_9172' unexpectedly found in '{"schema_version": "1.0.0", "object_id": "22222222-2222-4222-8222-222222222222", "tenant_id": "11111111-1111-4111-8111-111111111111", "key": "p_11111111111141118111111111111111_22222222222242228222222222222222", "source_canonical_sha256": "460baa3bbd9a15fb002d750bb17563017e538731b173771f1be5a5f6aa8df2e1", "observed": {"policy": {"@odata.type": "#microsoft.graph.deviceManagementConfigurationPolicy", "id": "22222222-2222-4222-8222-222222222222", "name": "Windows Privacy Pilot", "description": "Synthetic reference; not production advice.", "platforms": "windows10", "technologies": "mdm", "roleScopeTagIds": ["0"], "createdDateTime": "2026-09-30T12:00:00Z", "lastModifiedDateTime": "2026-09-30T12:00:00Z", "settingCount": 1, "isAssigned": true, "templateReference": {"templateId": "", "templateFamily": "none", "templateDisplayName": null, "templateDisplayVersion": null}}, "settings": [{"@odata.type": "#microsoft.graph.deviceManagementConfigurationSetting", "id": "0", "settingInstance": {"@odata.type": "#microsoft.graph.deviceManagementConfigurationChoiceSettingInstance", "settingDefinitionId": "device_vendor_msft_policy_config_privacy_letappsaccesslocation", "settingInstanceTemplateReference": null, "choiceSettingValue": {"@odata.type": "#microsoft.graph.deviceManagementConfigurationChoiceSettingValue", "settingValueTemplateReference": null, "value": "device_vendor_msft_policy_config_privacy_letappsaccesslocation_2", "children": []}, "KEY_CANARY_9172": {"known": "VALUE_CANARY_9172"}}}], "assignments": [{"@odata.type": "#microsoft.graph.deviceManagementConfigurationPolicyAssignment", "id": "aaaaaaaa-aaaa-4aaa-8aaa-000000000001", "target": {"@odata.type": "#microsoft.graph.groupAssignmentTarget", "groupId": "44444444-4444-4444-8444-444444444444", "deviceAndAppManagementAssignmentFilterType": "include", "deviceAndAppManagementAssignmentFilterId": "77777777-7777-4777-8777-777777777777"}}, {"@odata.type": "#microsoft.graph.deviceManagementConfigurationPolicyAssignment", "id": "aaaaaaaa-aaaa-4aaa-8aaa-000000000002", "target": {"@odata.type": "#microsoft.graph.groupAssignmentTarget", "groupId": "55555555-5555-4555-8555-555555555555", "deviceAndAppManagementAssignmentFilterType": "none", "deviceAndAppManagementAssignmentFilterId": null}}, {"@odata.type": "#microsoft.graph.deviceManagementConfigurationPolicyAssignment", "id": "aaaaaaaa-aaaa-4aaa-8aaa-000000000003", "target": {"@odata.type": "#microsoft.graph.exclusionGroupAssignmentTarget", "groupId": "66666666-6666-4666-8666-666666666666", "deviceAndAppManagementAssignmentFilterType": "none", "deviceAndAppManagementAssignmentFilterId": null}}]}, "desired": {"name": "Windows Privacy Pilot", "description": "Synthetic reference; not production advice.", "platforms": "windows10", "technologies": ["mdm"], "role_scope_tag_ids": ["0"], "settings": {"settings": [{"@odata.type": "#microsoft.graph.deviceManagementConfigurationSetting", "settingInstance": {"@odata.type": "#microsoft.graph.deviceManagementConfigurationChoiceSettingInstance", "settingDefinitionId": "device_vendor_msft_policy_config_privacy_letappsaccesslocation", "settingInstanceTemplateReference": null, "choiceSettingValue": {"@odata.type": "#microsoft.graph.deviceManagementConfigurationChoiceSettingValue", "settingValueTemplateReference": null, "value": "device_vendor_msft_policy_config_privacy_letappsaccesslocation_2", "children": []}, "KEY_CANARY_9172": {"known": "VALUE_CANARY_9172"}}}]}, "assignments": [{"type": "groupAssignmentTarget", "group_id": "44444444-4444-4444-8444-444444444444", "filter_type": "include", "filter_id": "77777777-7777-4777-8777-777777777777"}, {"type": "groupAssignmentTarget", "group_id": "55555555-5555-4555-8555-555555555555", "filter_type": "none"}, {"type": "exclusionGroupAssignmentTarget", "group_id": "66666666-6666-4666-8666-666666666666", "filter_type": "none"}]}, "references": [{"kind": "group", "id": "44444444-4444-4444-8444-444444444444", "ownership": "external", "coverage": "complete", "captured_at": "2026-09-30T12:00:00Z"}, {"kind": "group", "id": "55555555-5555-4555-8555-555555555555", "ownership": "external", "coverage": "complete", "captured_at": "2026-09-30T12:00:00Z"}, {"kind": "group", "id": "66666666-6666-4666-8666-666666666666", "ownership": "external", "coverage": "complete", "captured_at": "2026-09-30T12:00:00Z"}, {"kind": "filter", "id": "77777777-7777-4777-8777-777777777777", "ownership": "external", "coverage": "complete", "captured_at": "2026-09-30T12:00:00Z"}, {"kind": "scope_tag", "id": "0", "ownership": "external", "coverage": "complete", "captured_at": "2026-09-30T12:00:00Z"}], "coverage": [{"kind": "policies", "owner_id": null, "complete": true, "page_count": 1, "source_pointer": "/collections/0"}, {"kind": "settings", "owner_id": "22222222-2222-4222-8222-222222222222", "complete": true, "page_count": 1, "source_pointer": "/collections/1"}, {"kind": "assignments", "owner_id": "22222222-2222-4222-8222-222222222222", "complete": true, "page_count": 1, "source_pointer": "/collections/2"}], "blockers": [{"code": "unsupported_setting_field", "source_pointer": "/collections/1/pages/0/body/value/0/settingInstance/KEY_CANARY_9172"}, {"code": "unsupported_setting_field", "source_pointer": "/collections/1/pages/0/body/value/0/settingInstance/KEY_CANARY_9172/known"}], "field_accounting": [{"source_pointer": "", "kind": "object", "disposition": "service_owned", "reason": "Snapshot/provenance or service metadata; not an API write value", "loss_blocking": false}, {"source_pointer": "/schema_version", "kind": "string", "disposition": "service_owned", "reason": "Snapshot/provenance or service metadata; not an API write value", "loss_blocking": false}, {"source_pointer": "/synthetic", "kind": "boolean", "disposition": "service_owned", "reason": "Snapshot/provenance or service metadata; not an API write value", "loss_blocking": false}, {"source_pointer": "/tenant_id", "kind": "string", "disposition": "service_owned", "reason": "Snapshot/provenance or service metadata; not an API write value", "loss_blocking": false}, {"source_pointer": "/cloud", "kind": "string", "disposition": "service_owned", "reason": "Snapshot/provenance or service metadata; not an API write value", "loss_blocking": false}, {"source_pointer": "/captured_at", "kind": "string", "disposition": "service_owned", "reason": "Snapshot/provenance or service metadata; not an API write value", "loss_blocking": false}, {"source_pointer": "/exporter", "kind": "object", "disposition": "service_owned", "reason": "Snapshot/provenance or service metadata; not an API write value", "loss_blocking": false}, {"source_pointer": "/exporter/id", "kind": "string", "disposition": "service_owned", "reason": "Snapshot/provenance or service metadata; not an API write value", "loss_blocking": false}, {"source_pointer": "/exporter/version", "kind": "string", "disposition": "service_owned", "reason": "Snapshot/provenance or service metadata; not an API write value", "loss_blocking": false}, {"source_pointer": "/collections", "kind": "array", "disposition": "service_owned", "reason": "Snapshot/provenance or service metadata; not an API write value", "loss_blocking": false}, {"source_pointer": "/collections/0", "kind": "object", "disposition": "service_owned", "reason": "Snapshot/provenance or service metadata; not an API write value", "loss_blocking": false}, {"source_pointer": "/collections/0/kind", "kind": "string", "disposition": "service_owned", "reason": "Snapshot/provenance or service metadata; not an API write value", "loss_blocking": false}, {"source_pointer": "/collections/0/owner_id", "kind": "null", "disposition": "service_owned", "reason": "Snapshot/provenance or service metadata; not an API write value", "loss_blocking": false}, {"source_pointer": "/collections/0/coverage", "kind": "string", "disposition": "service_owned", "reason": "Snapshot/provenance or service metadata; not an API write value", "loss_blocking": false}, {"source_pointer": "/collections/0/reason", "kind": "null", "disposition": "service_owned", "reason": "Snapshot/provenance or service metadata; not an API write value", "loss_blocking": false}, {"source_pointer": "/collections/0/pages", "kind": "array", "disposition": "service_owned", "reason": "Snapshot/provenance or service metadata; not an API write value", "loss_blocking": false}, {"source_pointer": "/collections/0/pages/0", "kind": "object", "disposition": "service_owned", "reason": "Snapshot/provenance or service metadata; not an API write value", "loss_blocking": false}, {"source_pointer": "/collections/0/pages/0/request_url", "kind": "string", "disposition": "service_owned", "reason": "Snapshot/provenance or service metadata; not an API write value", "loss_blocking": false}, {"source_pointer": "/collections/0/pages/0/method", "kind": "string", "disposition": "service_owned", "reason": "Snapshot/provenance or service metadata; not an API write value", "loss_blocking": false}, {"source_pointer": "/collections/0/pages/0/http_status", "kind": "number", "disposition": "service_owned", "reason": "Snapshot/provenance or service metadata; not an API write value", "loss_blocking": false}, {"source_pointer": "/collections/0/pages/0/captured_at", "kind": "string", "disposition": "service_owned", "reason": "Snapshot/provenance or service metadata; not an API write value", "loss_blocking": false}, {"source_pointer": "/collections/0/pages/0/body", "kind": "object", "disposition": "service_owned", "reason": "Snapshot/provenance or service metadata; not an API write value", "loss_blocking": false}, {"source_pointer": "/collections/0/pages/0/body/value", "kind": "array", "disposition": "service_owned", "reason": "Snapshot/provenance or service metadata; not an API write value", "loss_blocking": false}, {"source_pointer": "/collections/0/pages/0/body/value/0", "kind": "object", "disposition": "service_owned", "reason": "Snapshot/provenance or service metadata; not an API write value", "loss_blocking": false}, {"source_pointer": "/collections/0/pages/0/body/value/0/@odata.type", "kind": "string", "disposition": "service_owned", "reason": "Snapshot/provenance or service metadata; not an API write value", "loss_blocking": false}, {"source_pointer": "/collections/0/pages/0/body/value/0/id", "kind": "string", "disposition": "identity", "reason": "Existing policy identity/import map", "loss_blocking": false}, {"source_pointer": "/collections/0/pages/0/body/value/0/name", "kind": "string", "disposition": "desired", "reason": "Mapped policy attribute", "loss_blocking": false}, {"source_pointer": "/collections/0/pages/0/body/value/0/description", "kind": "string", "disposition": "desired", "reason": "Mapped policy attribute", "loss_blocking": false}, {"source_pointer": "/collections/0/pages/0/body/value/0/platforms", "kind": "string", "disposition": "desired", "reason": "Mapped policy attribute", "loss_blocking": false}, {"source_pointer": "/collections/0/pages/0/body/value/0/technologies", "kind": "string", "disposition": "desired", "reason": "Mapped policy attribute", "loss_blocking": false}, {"source_pointer": "/collections/0/pages/0/body/value/0/roleScopeTagIds", "kind": "array", "disposition": "desired", "reason": "Mapped policy attribute", "loss_blocking": false}, {"source_pointer": "/collections/0/pages/0/body/value/0/roleScopeTagIds/0", "kind": "string", "disposition": "desired", "reason": "Mapped policy attribute", "loss_blocking": false}, {"source_pointer": "/collections/0/pages/0/body/value/0/createdDateTime", "kind": "string", "disposition": "service_owned", "reason": "Snapshot/provenance or service metadata; not an API write value", "loss_blocking": false}, {"source_pointer": "/collections/0/pages/0/body/value/0/lastModifiedDateTime", "kind": "string", "disposition": "service_owned", "reason": "Snapshot/provenance or service metadata; not an API write value", "loss_blocking": false}, {"source_pointer": "/collections/0/pages/0/body/value/0/settingCount", "kind": "number", "disposition": "service_owned", "reason": "Snapshot/provenance or service metadata; not an API write value", "loss_blocking": false}, {"source_pointer": "/collections/0/pages/0/body/value/0/isAssigned", "kind": "boolean", "disposition": "service_owned", "reason": "Snapshot/provenance or service metadata; not an API write value", "loss_blocking": false}, {"source_pointer": "/collections/0/pages/0/body/value/0/templateReference", "kind": "object", "disposition": "service_owned", "reason": "Snapshot/provenance or service metadata; not an API write value", "loss_blocking": false}, {"source_pointer": "/collections/0/pages/0/body/value/0/templateReference/templateId", "kind": "string", "disposition": "service_owned", "reason": "Snapshot/provenance or service metadata; not an API write value", "loss_blocking": false}, {"source_pointer": "/collections/0/pages/0/body/value/0/templateReference/templateFamily", "kind": "string", "disposition": "service_owned", "reason": "Snapshot/provenance or service metadata; not an API write value", "loss_blocking": false}, {"source_pointer": "/collections/0/pages/0/body/value/0/templateReference/templateDisplayName", "kind": "null", "disposition": "service_owned", "reason": "Snapshot/provenance or service metadata; not an API write value", "loss_blocking": false}, {"source_pointer": "/collections/0/pages/0/body/value/0/templateReference/templateDisplayVersion", "kind": "null", "disposition": "service_owned", "reason": "Snapshot/provenance or service metadata; not an API write value", "loss_blocking": false}, {"source_pointer": "/collections/0/pages/0/body/value/1", "kind": "object", "disposition": "service_owned", "reason": "Snapshot/provenance or service metadata; not an API write value", "loss_blocking": false}, {"source_pointer": "/collections/0/pages/0/body/value/1/@odata.type", "kind": "string", "disposition": "service_owned", "reason": "Snapshot/provenance or service metadata; not an API write value", "loss_blocking": false}, {"source_pointer": "/collections/0/pages/0/body/value/1/id", "kind": "string", "disposition": "service_owned", "reason": "Snapshot/provenance or service metadata; not an API write value", "loss_blocking": false}, {"source_pointer": "/collections/0/pages/0/body/value/1/name", "kind": "string", "disposition": "service_owned", "reason": "Snapshot/provenance or service metadata; not an API write value", "loss_blocking": false}, {"source_pointer": "/collections/0/pages/0/body/value/1/description", "kind": "string", "disposition": "service_owned", "reason": "Snapshot/provenance or service metadata; not an API write value", "loss_blocking": false}, {"source_pointer": "/collections/0/pages/0/body/value/1/platforms", "kind": "string", "disposition": "service_owned", "reason": "Snapshot/provenance or service metadata; not an API write value", "loss_blocking": false}, {"source_pointer": "/collections/0/pages/0/body/value/1/technologies", "kind": "string", "disposition": "service_owned", "reason": "Snapshot/provenance or service metadata; not an API write value", "loss_blocking": false}, {"source_pointer": "/collections/0/pages/0/body/value/1/roleScopeTagIds", "kind": "array", "disposition": "service_owned", "reason": "Snapshot/provenance or service metadata; not an API write value", "loss_blocking": false}, {"source_pointer": "/collections/0/pages/0/body/value/1/roleScopeTagIds/0", "kind": "string", "disposition": "service_owned", "reason": "Snapshot/provenance or service metadata; not an API write value", "loss_blocking": false}, {"source_pointer": "/collections/0/pages/0/body/value/1/createdDateTime", "kind": "string", "disposition": "service_owned", "reason": "Snapshot/provenance or service metadata; not an API write value", "loss_blocking": false}, {"source_pointer": "/collections/0/pages/0/body/value/1/lastModifiedDateTime", "kind": "string", "disposition": "service_owned", "reason": "Snapshot/provenance or service metadata; not an API write value", "loss_blocking": false}, {"source_pointer": "/collections/0/pages/0/body/value/1/settingCount", "kind": "number", "disposition": "service_owned", "reason": "Snapshot/provenance or service metadata; not an API write value", "loss_blocking": false}, {"source_pointer": "/collections/0/pages/0/body/value/1/isAssigned", "kind": "boolean", "disposition": "service_owned", "reason": "Snapshot/provenance or service metadata; not an API write value", "loss_blocking": false}, {"source_pointer": "/collections/0/pages/0/body/value/1/templateReference", "kind": "object", "disposition": "service_owned", "reason": "Snapshot/provenance or service metadata; not an API write value", "loss_blocking": false}, {"source_pointer": "/collections/0/pages/0/body/value/1/templateReference/templateId", "kind": "string", "disposition": "service_owned", "reason": "Snapshot/provenance or service metadata; not an API write value", "loss_blocking": false}, {"source_pointer": "/collections/0/pages/0/body/value/1/templateReference/templateFamily", "kind": "string", "disposition": "service_owned", "reason": "Snapshot/provenance or service metadata; not an API write value", "loss_blocking": false}, {"source_pointer": "/collections/0/pages/0/body/value/1/templateReference/templateDisplayName", "kind": "null", "disposition": "service_owned", "reason": "Snapshot/provenance or service metadata; not an API write value", "loss_blocking": false}, {"source_pointer": "/collections/0/pages/0/body/value/1/templateReference/templateDisplayVersion", "kind": "null", "disposition": "service_owned", "reason": "Snapshot/provenance or service metadata; not an API write value", "loss_blocking": false}, {"source_pointer": "/collections/1", "kind": "object", "disposition": "service_owned", "reason": "Snapshot/provenance or service metadata; not an API write value", "loss_blocking": false}, {"source_pointer": "/collections/1/kind", "kind": "string", "disposition": "service_owned", "reason": "Snapshot/provenance or service metadata; not an API write value", "loss_blocking": false}, {"source_pointer": "/collections/1/owner_id", "kind": "string", "disposition": "service_owned", "reason": "Snapshot/provenance or service metadata; not an API write value", "loss_blocking": false}, {"source_pointer": "/collections/1/coverage", "kind": "string", "disposition": "service_owned", "reason": "Snapshot/provenance or service metadata; not an API write value", "loss_blocking": false}, {"source_pointer": "/collections/1/reason", "kind": "null", "disposition": "service_owned", "reason": "Snapshot/provenance or service metadata; not an API write value", "loss_blocking": false}, {"source_pointer": "/collections/1/pages", "kind": "array", "disposition": "service_owned", "reason": "Snapshot/provenance or service metadata; not an API write value", "loss_blocking": false}, {"source_pointer": "/collections/1/pages/0", "kind": "object", "disposition": "service_owned", "reason": "Snapshot/provenance or service metadata; not an API write value", "loss_blocking": false}, {"source_pointer": "/collections/1/pages/0/request_url", "kind": "string", "disposition": "service_owned", "reason": "Snapshot/provenance or service metadata; not an API write value", "loss_blocking": false}, {"source_pointer": "/collections/1/pages/0/method", "kind": "string", "disposition": "service_owned", "reason": "Snapshot/provenance or service metadata; not an API write value", "loss_blocking": false}, {"source_pointer": "/collections/1/pages/0/http_status", "kind": "number", "disposition": "service_owned", "reason": "Snapshot/provenance or service metadata; not an API write value", "loss_blocking": false}, {"source_pointer": "/collections/1/pages/0/captured_at", "kind": "string", "disposition": "service_owned", "reason": "Snapshot/provenance or service metadata; not an API write value", "loss_blocking": false}, {"source_pointer": "/collections/1/pages/0/body", "kind": "object", "disposition": "service_owned", "reason": "Snapshot/provenance or service metadata; not an API write value", "loss_blocking": false}, {"source_pointer": "/collections/1/pages/0/body/value", "kind": "array", "disposition": "service_owned", "reason": "Snapshot/provenance or service metadata; not an API write value", "loss_blocking": false}, {"source_pointer": "/collections/1/pages/0/body/value/0", "kind": "object", "disposition": "service_owned", "reason": "Snapshot/provenance or service metadata; not an API write value", "loss_blocking": false}, {"source_pointer": "/collections/1/pages/0/body/value/0/@odata.type", "kind": "string", "disposition": "desired", "reason": "Preserved setting subtree in JSON input", "loss_blocking": false}, {"source_pointer": "/collections/1/pages/0/body/value/0/id", "kind": "string", "disposition": "service_owned", "reason": "Snapshot/provenance or service metadata; not an API write value", "loss_blocking": false}, {"source_pointer": "/collections/1/pages/0/body/value/0/settingInstance", "kind": "object", "disposition": "desired", "reason": "Preserved setting subtree in JSON input", "loss_blocking": false}, {"source_pointer": "/collections/1/pages/0/body/value/0/settingInstance/@odata.type", "kind": "string", "disposition": "desired", "reason": "Preserved setting subtree in JSON input", "loss_blocking": false}, {"source_pointer": "/collections/1/pages/0/body/value/0/settingInstance/settingDefinitionId", "kind": "string", "disposition": "desired", "reason": "Preserved setting subtree in JSON input", "loss_blocking": false}, {"source_pointer": "/collections/1/pages/0/body/value/0/settingInstance/settingInstanceTemplateReference", "kind": "null", "disposition": "desired", "reason": "Preserved setting subtree in JSON input", "loss_blocking": false}, {"source_pointer": "/collections/1/pages/0/body/value/0/settingInstance/choiceSettingValue", "kind": "object", "disposition": "desired", "reason": "Preserved setting subtree in JSON input", "loss_blocking": false}, {"source_pointer": "/collections/1/pages/0/body/value/0/settingInstance/choiceSettingValue/@odata.type", "kind": "string", "disposition": "desired", "reason": "Preserved setting subtree in JSON input", "loss_blocking": false}, {"source_pointer": "/collections/1/pages/0/body/value/0/settingInstance/choiceSettingValue/settingValueTemplateReference", "kind": "null", "disposition": "desired", "reason": "Preserved setting subtree in JSON input", "loss_blocking": false}, {"source_pointer": "/collections/1/pages/0/body/value/0/settingInstance/choiceSettingValue/value", "kind": "string", "disposition": "desired", "reason": "Preserved setting subtree in JSON input", "loss_blocking": false}, {"source_pointer": "/collections/1/pages/0/body/value/0/settingInstance/choiceSettingValue/children", "kind": "array", "disposition": "desired", "reason": "Preserved setting subtree in JSON input", "loss_blocking": false}, {"source_pointer": "/collections/1/pages/0/body/value/0/settingInstance/KEY_CANARY_9172", "kind": "object", "disposition": "unsupported", "reason": "Blocked by field or coverage rule; raw value retained only in original source", "loss_blocking": true}, {"source_pointer": "/collections/1/pages/0/body/value/0/settingInstance/KEY_CANARY_9172/known", "kind": "string", "disposition": "unsupported", "reason": "Blocked by field or coverage rule; raw value retained only in original source", "loss_blocking": true}, {"source_pointer": "/collections/2", "kind": "object", "disposition": "service_owned", "reason": "Snapshot/provenance or service metadata; not an API write value", "loss_blocking": false}, {"source_pointer": "/collections/2/kind", "kind": "string", "disposition": "service_owned", "reason": "Snapshot/provenance or service metadata; not an API write value", "loss_blocking": false}, {"source_pointer": "/collections/2/owner_id", "kind": "string", "disposition": "service_owned", "reason": "Snapshot/provenance or service metadata; not an API write value", "loss_blocking": false}, {"source_pointer": "/collections/2/coverage", "kind": "string", "disposition": "service_owned", "reason": "Snapshot/provenance or service metadata; not an API write value", "loss_blocking": false}, {"source_pointer": "/collections/2/reason", "kind": "null", "disposition": "service_owned", "reason": "Snapshot/provenance or service metadata; not an API write value", "loss_blocking": false}, {"source_pointer": "/collections/2/pages", "kind": "array", "disposition": "service_owned", "reason": "Snapshot/provenance or service metadata; not an API write value", "loss_blocking": false}, {"source_pointer": "/collections/2/pages/0", "kind": "object", "disposition": "service_owned", "reason": "Snapshot/provenance or service metadata; not an API write value", "loss_blocking": false}, {"source_pointer": "/collections/2/pages/0/request_url", "kind": "string", "disposition": "service_owned", "reason": "Snapshot/provenance or service metadata; not an API write value", "loss_blocking": false}, {"source_pointer": "/collections/2/pages/0/method", "kind": "string", "disposition": "service_owned", "reason": "Snapshot/provenance or service metadata; not an API write value", "loss_blocking": false}, {"source_pointer": "/collections/2/pages/0/http_status", "kind": "number", "disposition": "service_owned", "reason": "Snapshot/provenance or service metadata; not an API write value", "loss_blocking": false}, {"source_pointer": "/collections/2/pages/0/captured_at", "kind": "string", "disposition": "service_owned", "reason": "Snapshot/provenance or service metadata; not an API write value", "loss_blocking": false}, {"source_pointer": "/collections/2/pages/0/body", "kind": "object", "disposition": "service_owned", "reason": "Snapshot/provenance or service metadata; not an API write value", "loss_blocking": false}, {"source_pointer": "/collections/2/pages/0/body/value", "kind": "array", "disposition": "service_owned", "reason": "Snapshot/provenance or service metadata; not an API write value", "loss_blocking": false}, {"source_pointer": "/collections/2/pages/0/body/value/0", "kind": "object", "disposition": "service_owned", "reason": "Snapshot/provenance or service metadata; not an API write value", "loss_blocking": false}, {"source_pointer": "/collections/2/pages/0/body/value/0/@odata.type", "kind": "string", "disposition": "service_owned", "reason": "Snapshot/provenance or service metadata; not an API write value", "loss_blocking": false}, {"source_pointer": "/collections/2/pages/0/body/value/0/id", "kind": "string", "disposition": "identity", "reason": "Source assignment record; not a group or independent writer", "loss_blocking": false}, {"source_pointer": "/collections/2/pages/0/body/value/0/target", "kind": "object", "disposition": "relationship", "reason": "Mapped assignment target without ownership of referenced object", "loss_blocking": false}, {"source_pointer": "/collections/2/pages/0/body/value/0/target/@odata.type", "kind": "string", "disposition": "relationship", "reason": "Mapped assignment target without ownership of referenced object", "loss_blocking": false}, {"source_pointer": "/collections/2/pages/0/body/value/0/target/groupId", "kind": "string", "disposition": "relationship", "reason": "Mapped assignment target without ownership of referenced object", "loss_blocking": false}, {"source_pointer": "/collections/2/pages/0/body/value/0/target/deviceAndAppManagementAssignmentFilterType", "kind": "string", "disposition": "relationship", "reason": "Mapped assignment target without ownership of referenced object", "loss_blocking": false}, {"source_pointer": "/collections/2/pages/0/body/value/0/target/deviceAndAppManagementAssignmentFilterId", "kind": "string", "disposition": "relationship", "reason": "Mapped assignment target without ownership of referenced object", "loss_blocking": false}, {"source_pointer": "/collections/2/pages/0/body/value/1", "kind": "object", "disposition": "service_owned", "reason": "Snapshot/provenance or service metadata; not an API write value", "loss_blocking": false}, {"source_pointer": "/collections/2/pages/0/body/value/1/@odata.type", "kind": "string", "disposition": "service_owned", "reason": "Snapshot/provenance or service metadata; not an API write value", "loss_blocking": false}, {"source_pointer": "/collections/2/pages/0/body/value/1/id", "kind": "string", "disposition": "identity", "reason": "Source assignment record; not a group or independent writer", "loss_blocking": false}, {"source_pointer": "/collections/2/pages/0/body/value/1/target", "kind": "object", "disposition": "relationship", "reason": "Mapped assignment target without ownership of referenced object", "loss_blocking": false}, {"source_pointer": "/collections/2/pages/0/body/value/1/target/@odata.type", "kind": "string", "disposition": "relationship", "reason": "Mapped assignment target without ownership of referenced object", "loss_blocking": false}, {"source_pointer": "/collections/2/pages/0/body/value/1/target/groupId", "kind": "string", "disposition": "relationship", "reason": "Mapped assignment target without ownership of referenced object", "loss_blocking": false}, {"source_pointer": "/collections/2/pages/0/body/value/1/target/deviceAndAppManagementAssignmentFilterType", "kind": "string", "disposition": "relationship", "reason": "Mapped assignment target without ownership of referenced object", "loss_blocking": false}, {"source_pointer": "/collections/2/pages/0/body/value/1/target/deviceAndAppManagementAssignmentFilterId", "kind": "null", "disposition": "relationship", "reason": "Mapped assignment target without ownership of referenced object", "loss_blocking": false}, {"source_pointer": "/collections/2/pages/0/body/value/2", "kind": "object", "disposition": "service_owned", "reason": "Snapshot/provenance or service metadata; not an API write value", "loss_blocking": false}, {"source_pointer": "/collections/2/pages/0/body/value/2/@odata.type", "kind": "string", "disposition": "service_owned", "reason": "Snapshot/provenance or service metadata; not an API write value", "loss_blocking": false}, {"source_pointer": "/collections/2/pages/0/body/value/2/id", "kind": "string", "disposition": "identity", "reason": "Source assignment record; not a group or independent writer", "loss_blocking": false}, {"source_pointer": "/collections/2/pages/0/body/value/2/target", "kind": "object", "disposition": "relationship", "reason": "Mapped assignment target without ownership of referenced object", "loss_blocking": false}, {"source_pointer": "/collections/2/pages/0/body/value/2/target/@odata.type", "kind": "string", "disposition": "relationship", "reason": "Mapped assignment target without ownership of referenced object", "loss_blocking": false}, {"source_pointer": "/collections/2/pages/0/body/value/2/target/groupId", "kind": "string", "disposition": "relationship", "reason": "Mapped assignment target without ownership of referenced object", "loss_blocking": false}, {"source_pointer": "/collections/2/pages/0/body/value/2/target/deviceAndAppManagementAssignmentFilterType", "kind": "string", "disposition": "relationship", "reason": "Mapped assignment target without ownership of referenced object", "loss_blocking": false}, {"source_pointer": "/collections/2/pages/0/body/value/2/target/deviceAndAppManagementAssignmentFilterId", "kind": "null", "disposition": "relationship", "reason": "Mapped assignment target without ownership of referenced object", "loss_blocking": false}, {"source_pointer": "/references", "kind": "array", "disposition": "separately_managed", "reason": "External object reference only", "loss_blocking": false}, {"source_pointer": "/references/0", "kind": "object", "disposition": "separately_managed", "reason": "External object reference only", "loss_blocking": false}, {"source_pointer": "/references/0/kind", "kind": "string", "disposition": "separately_managed", "reason": "External object reference only", "loss_blocking": false}, {"source_pointer": "/references/0/id", "kind": "string", "disposition": "separately_managed", "reason": "External object reference only", "loss_blocking": false}, {"source_pointer": "/references/0/ownership", "kind": "string", "disposition": "separately_managed", "reason": "External object reference only", "loss_blocking": false}, {"source_pointer": "/references/0/coverage", "kind": "string", "disposition": "separately_managed", "reason": "External object reference only", "loss_blocking": false}, {"source_pointer": "/references/0/captured_at", "kind": "string", "disposition": "separately_managed", "reason": "External object reference only", "loss_blocking": false}, {"source_pointer": "/references/1", "kind": "object", "disposition": "separately_managed", "reason": "External object reference only", "loss_blocking": false}, {"source_pointer": "/references/1/kind", "kind": "string", "disposition": "separately_managed", "reason": "External object reference only", "loss_blocking": false}, {"source_pointer": "/references/1/id", "kind": "string", "disposition": "separately_managed", "reason": "External object reference only", "loss_blocking": false}, {"source_pointer": "/references/1/ownership", "kind": "string", "disposition": "separately_managed", "reason": "External object reference only", "loss_blocking": false}, {"source_pointer": "/references/1/coverage", "kind": "string", "disposition": "separately_managed", "reason": "External object reference only", "loss_blocking": false}, {"source_pointer": "/references/1/captured_at", "kind": "string", "disposition": "separately_managed", "reason": "External object reference only", "loss_blocking": false}, {"source_pointer": "/references/2", "kind": "object", "disposition": "separately_managed", "reason": "External object reference only", "loss_blocking": false}, {"source_pointer": "/references/2/kind", "kind": "string", "disposition": "separately_managed", "reason": "External object reference only", "loss_blocking": false}, {"source_pointer": "/references/2/id", "kind": "string", "disposition": "separately_managed", "reason": "External object reference only", "loss_blocking": false}, {"source_pointer": "/references/2/ownership", "kind": "string", "disposition": "separately_managed", "reason": "External object reference only", "loss_blocking": false}, {"source_pointer": "/references/2/coverage", "kind": "string", "disposition": "separately_managed", "reason": "External object reference only", "loss_blocking": false}, {"source_pointer": "/references/2/captured_at", "kind": "string", "disposition": "separately_managed", "reason": "External object reference only", "loss_blocking": false}, {"source_pointer": "/references/3", "kind": "object", "disposition": "separately_managed", "reason": "External object reference only", "loss_blocking": false}, {"source_pointer": "/references/3/kind", "kind": "string", "disposition": "separately_managed", "reason": "External object reference only", "loss_blocking": false}, {"source_pointer": "/references/3/id", "kind": "string", "disposition": "separately_managed", "reason": "External object reference only", "loss_blocking": false}, {"source_pointer": "/references/3/ownership", "kind": "string", "disposition": "separately_managed", "reason": "External object reference only", "loss_blocking": false}, {"source_pointer": "/references/3/coverage", "kind": "string", "disposition": "separately_managed", "reason": "External object reference only", "loss_blocking": false}, {"source_pointer": "/references/3/captured_at", "kind": "string", "disposition": "separately_managed", "reason": "External object reference only", "loss_blocking": false}, {"source_pointer": "/references/4", "kind": "object", "disposition": "separately_managed", "reason": "External object reference only", "loss_blocking": false}, {"source_pointer": "/references/4/kind", "kind": "string", "disposition": "separately_managed", "reason": "External object reference only", "loss_blocking": false}, {"source_pointer": "/references/4/id", "kind": "string", "disposition": "separately_managed", "reason": "External object reference only", "loss_blocking": false}, {"source_pointer": "/references/4/ownership", "kind": "string", "disposition": "separately_managed", "reason": "External object reference only", "loss_blocking": false}, {"source_pointer": "/references/4/coverage", "kind": "string", "disposition": "separately_managed", "reason": "External object reference only", "loss_blocking": false}, {"source_pointer": "/references/4/captured_at", "kind": "string", "disposition": "separately_managed", "reason": "External object reference only", "loss_blocking": false}, {"source_pointer": "/ownership", "kind": "array", "disposition": "service_owned", "reason": "Snapshot/provenance or service metadata; not an API write value", "loss_blocking": false}, {"source_pointer": "/ownership/0", "kind": "object", "disposition": "service_owned", "reason": "Snapshot/provenance or service metadata; not an API write value", "loss_blocking": false}, {"source_pointer": "/ownership/0/object_id", "kind": "string", "disposition": "service_owned", "reason": "Snapshot/provenance or service metadata; not an API write value", "loss_blocking": false}, {"source_pointer": "/ownership/0/current_writer", "kind": "null", "disposition": "service_owned", "reason": "Snapshot/provenance or service metadata; not an API write value", "loss_blocking": false}, {"source_pointer": "/ownership/0/adoption_intent", "kind": "string", "disposition": "service_owned", "reason": "Snapshot/provenance or service metadata; not an API write value", "loss_blocking": false}], "offline_mapping_complete": false, "live_qualification": "not_run", "execution_authorized": false}# Generated offline reference project\n\nSynthetic input. NOT tenant-validated, provider-tested, or organization-approved.\nNo authentication, plan, import or apply was executed.\n**BLOCKED:** review-only output; no active IaC or import command is emitted.\n{\n  "records": [\n    {\n      "disposition": "service_owned",\n      "kind": "object",\n      "loss_blocking": false,\n      "reason": "Snapshot/provenance or service metadata; not an API write value",\n      "source_pointer": ""\n    },\n    {\n      "disposition": "service_owned",\n      "kind": "string",\n      "loss_blocking": false,\n      "reason": "Snapshot/provenance or service metadata; not an API write value",\n      "source_pointer": "/schema_version"\n    },\n    {\n      "disposition": "service_owned",\n      "kind": "boolean",\n      "loss_blocking": false,\n      "reason": "Snapshot/provenance or service metadata; not an API write value",\n      "source_pointer": "/synthetic"\n    },\n    {\n      "disposition": "service_owned",\n      "kind": "string",\n      "loss_blocking": false,\n      "reason": "Snapshot/provenance or service metadata; not an API write value",\n      "source_pointer": "/tenant_id"\n    },\n    {\n      "disposition": "service_owned",\n      "kind": "string",\n      "loss_blocking": false,\n      "reason": "Snapshot/provenance or service metadata; not an API write value",\n      "source_pointer": "/cloud"\n    },\n    {\n      "disposition": "service_owned",\n      "kind": "string",\n      "loss_blocking": false,\n      "reason": "Snapshot/provenance or service metadata; not an API write value",\n      "source_pointer": "/captured_at"\n    },\n    {\n      "disposition": "service_owned",\n      "kind": "object",\n      "loss_blocking": false,\n      "reason": "Snapshot/provenance or service metadata; not an API write value",\n      "source_pointer": "/exporter"\n    },\n    {\n      "disposition": "service_owned",\n      "kind": "string",\n      "loss_blocking": false,\n      "reason": "Snapshot/provenance or service metadata; not an API write value",\n      "source_pointer": "/exporter/id"\n    },\n    {\n      "disposition": "service_owned",\n      "kind": "string",\n      "loss_blocking": false,\n      "reason": "Snapshot/provenance or service metadata; not an API write value",\n      "source_pointer": "/exporter/version"\n    },\n    {\n      "disposition": "service_owned",\n      "kind": "array",\n      "loss_blocking": false,\n      "reason": "Snapshot/provenance or service metadata; not an API write value",\n      "source_pointer": "/collections"\n    },\n    {\n      "disposition": "service_owned",\n      "kind": "object",\n      "loss_blocking": false,\n      "reason": "Snapshot/provenance or service metadata; not an API write value",\n      "source_pointer": "/collections/0"\n    },\n    {\n      "disposition": "service_owned",\n      "kind": "string",\n      "loss_blocking": false,\n      "reason": "Snapshot/provenance or service metadata; not an API write value",\n      "source_pointer": "/collections/0/kind"\n    },\n    {\n      "disposition": "service_owned",\n      "kind": "null",\n      "loss_blocking": false,\n      "reason": "Snapshot/provenance or service metadata; not an API write value",\n      "source_pointer": "/collections/0/owner_id"\n    },\n    {\n      "disposition": "service_owned",\n      "kind": "string",\n      "loss_blocking": false,\n      "reason": "Snapshot/provenance or service metadata; not an API write value",\n      "source_pointer": "/collections/0/coverage"\n    },\n    {\n      "disposition": "service_owned",\n      "kind": "null",\n      "loss_blocking": false,\n      "reason": "Snapshot/provenance or service metadata; not an API write value",\n      "source_pointer": "/collections/0/reason"\n    },\n    {\n      "disposition": "service_owned",\n      "kind": "array",\n      "loss_blocking": false,\n      "reason": "Snapshot/provenance or service metadata; not an API write value",\n      "source_pointer": "/collections/0/pages"\n    },\n    {\n      "disposition": "service_owned",\n      "kind": "object",\n      "loss_blocking": false,\n      "reason": "Snapshot/provenance or service metadata; not an API write value",\n      "source_pointer": "/collections/0/pages/0"\n    },\n    {\n      "disposition": "service_owned",\n      "kind": "string",\n      "loss_blocking": false,\n      "reason": "Snapshot/provenance or service metadata; not an API write value",\n      "source_pointer": "/collections/0/pages/0/request_url"\n    },\n    {\n      "disposition": "service_owned",\n      "kind": "string",\n      "loss_blocking": false,\n      "reason": "Snapshot/provenance or service metadata; not an API write value",\n      "source_pointer": "/collections/0/pages/0/method"\n    },\n    {\n      "disposition": "service_owned",\n      "kind": "number",\n      "loss_blocking": false,\n      "reason": "Snapshot/provenance or service metadata; not an API write value",\n      "source_pointer": "/collections/0/pages/0/http_status"\n    },\n    {\n      "disposition": "service_owned",\n      "kind": "string",\n      "loss_blocking": false,\n      "reason": "Snapshot/provenance or service metadata; not an API write value",\n      "source_pointer": "/collections/0/pages/0/captured_at"\n    },\n    {\n      "disposition": "service_owned",\n      "kind": "object",\n      "loss_blocking": false,\n      "reason": "Snapshot/provenance or service metadata; not an API write value",\n      "source_pointer": "/collections/0/pages/0/body"\n    },\n    {\n      "disposition": "service_owned",\n      "kind": "array",\n      "loss_blocking": false,\n      "reason": "Snapshot/provenance or service metadata; not an API write value",\n      "source_pointer": "/collections/0/pages/0/body/value"\n    },\n    {\n      "disposition": "service_owned",\n      "kind": "object",\n      "loss_blocking": false,\n      "reason": "Snapshot/provenance or service metadata; not an API write value",\n      "source_pointer": "/collections/0/pages/0/body/value/0"\n    },\n    {\n      "disposition": "service_owned",\n      "kind": "string",\n      "loss_blocking": false,\n      "reason": "Snapshot/provenance or service metadata; not an API write value",\n      "source_pointer": "/collections/0/pages/0/body/value/0/@odata.type"\n    },\n    {\n      "disposition": "identity",\n      "kind": "string",\n      "loss_blocking": false,\n      "reason": "Existing policy identity/import map",\n      "source_pointer": "/collections/0/pages/0/body/value/0/id"\n    },\n    {\n      "disposition": "desired",\n      "kind": "string",\n      "loss_blocking": false,\n      "reason": "Mapped policy attribute",\n      "source_pointer": "/collections/0/pages/0/body/value/0/name"\n    },\n    {\n      "disposition": "desired",\n      "kind": "string",\n      "loss_blocking": false,\n      "reason": "Mapped policy attribute",\n      "source_pointer": "/collections/0/pages/0/body/value/0/description"\n    },\n    {\n      "disposition": "desired",\n      "kind": "string",\n      "loss_blocking": false,\n      "reason": "Mapped policy attribute",\n      "source_pointer": "/collections/0/pages/0/body/value/0/platforms"\n    },\n    {\n      "disposition": "desired",\n      "kind": "string",\n      "loss_blocking": false,\n      "reason": "Mapped policy attribute",\n      "source_pointer": "/collections/0/pages/0/body/value/0/technologies"\n    },\n    {\n      "disposition": "desired",\n      "kind": "array",\n      "loss_blocking": false,\n      "reason": "Mapped policy attribute",\n      "source_pointer": "/collections/0/pages/0/body/value/0/roleScopeTagIds"\n    },\n    {\n      "disposition": "desired",\n      "kind": "string",\n      "loss_blocking": false,\n      "reason": "Mapped policy attribute",\n      "source_pointer": "/collections/0/pages/0/body/value/0/roleScopeTagIds/0"\n    },\n    {\n      "disposition": "service_owned",\n      "kind": "string",\n      "loss_blocking": false,\n      "reason": "Snapshot/provenance or service metadata; not an API write value",\n      "source_pointer": "/collections/0/pages/0/body/value/0/createdDateTime"\n    },\n    {\n      "disposition": "service_owned",\n      "kind": "string",\n      "loss_blocking": false,\n      "reason": "Snapshot/provenance or service metadata; not an API write value",\n      "source_pointer": "/collections/0/pages/0/body/value/0/lastModifiedDateTime"\n    },\n    {\n      "disposition": "service_owned",\n      "kind": "number",\n      "loss_blocking": false,\n      "reason": "Snapshot/provenance or service metadata; not an API write value",\n      "source_pointer": "/collections/0/pages/0/body/value/0/settingCount"\n    },\n    {\n      "disposition": "service_owned",\n      "kind": "boolean",\n      "loss_blocking": false,\n      "reason": "Snapshot/provenance or service metadata; not an API write value",\n      "source_pointer": "/collections/0/pages/0/body/value/0/isAssigned"\n    },\n    {\n      "disposition": "service_owned",\n      "kind": "object",\n      "loss_blocking": false,\n      "reason": "Snapshot/provenance or service metadata; not an API write value",\n      "source_pointer": "/collections/0/pages/0/body/value/0/templateReference"\n    },\n    {\n      "disposition": "service_owned",\n      "kind": "string",\n      "loss_blocking": false,\n      "reason": "Snapshot/provenance or service metadata; not an API write value",\n      "source_pointer": "/collections/0/pages/0/body/value/0/templateReference/templateId"\n    },\n    {\n      "disposition": "service_owned",\n      "kind": "string",\n      "loss_blocking": false,\n      "reason": "Snapshot/provenance or service metadata; not an API write value",\n      "source_pointer": "/collections/0/pages/0/body/value/0/templateReference/templateFamily"\n    },\n    {\n      "disposition": "service_owned",\n      "kind": "null",\n      "loss_blocking": false,\n      "reason": "Snapshot/provenance or service metadata; not an API write value",\n      "source_pointer": "/collections/0/pages/0/body/value/0/templateReference/templateDisplayName"\n    },\n    {\n      "disposition": "service_owned",\n      "kind": "null",\n      "loss_blocking": false,\n      "reason": "Snapshot/provenance or service metadata; not an API write value",\n      "source_pointer": "/collections/0/pages/0/body/value/0/templateReference/templateDisplayVersion"\n    },\n    {\n      "disposition": "service_owned",\n      "kind": "object",\n      "loss_blocking": false,\n      "reason": "Snapshot/provenance or service metadata; not an API write value",\n      "source_pointer": "/collections/0/pages/0/body/value/1"\n    },\n    {\n      "disposition": "service_owned",\n      "kind": "string",\n      "loss_blocking": false,\n      "reason": "Snapshot/provenance or service metadata; not an API write value",\n      "source_pointer": "/collections/0/pages/0/body/value/1/@odata.type"\n    },\n    {\n      "disposition": "service_owned",\n      "kind": "string",\n      "loss_blocking": false,\n      "reason": "Snapshot/provenance or service metadata; not an API write value",\n      "source_pointer": "/collections/0/pages/0/body/value/1/id"\n    },\n    {\n      "disposition": "service_owned",\n      "kind": "string",\n      "loss_blocking": false,\n      "reason": "Snapshot/provenance or service metadata; not an API write value",\n      "source_pointer": "/collections/0/pages/0/body/value/1/name"\n    },\n    {\n      "disposition": "service_owned",\n      "kind": "string",\n      "loss_blocking": false,\n      "reason": "Snapshot/provenance or service metadata; not an API write value",\n      "source_pointer": "/collections/0/pages/0/body/value/1/description"\n    },\n    {\n      "disposition": "service_owned",\n      "kind": "string",\n      "loss_blocking": false,\n      "reason": "Snapshot/provenance or service metadata; not an API write value",\n      "source_pointer": "/collections/0/pages/0/body/value/1/platforms"\n    },\n    {\n      "disposition": "service_owned",\n      "kind": "string",\n      "loss_blocking": false,\n      "reason": "Snapshot/provenance or service metadata; not an API write value",\n      "source_pointer": "/collections/0/pages/0/body/value/1/technologies"\n    },\n    {\n      "disposition": "service_owned",\n      "kind": "array",\n      "loss_blocking": false,\n      "reason": "Snapshot/provenance or service metadata; not an API write value",\n      "source_pointer": "/collections/0/pages/0/body/value/1/roleScopeTagIds"\n    },\n    {\n      "disposition": "service_owned",\n      "kind": "string",\n      "loss_blocking": false,\n      "reason": "Snapshot/provenance or service metadata; not an API write value",\n      "source_pointer": "/collections/0/pages/0/body/value/1/roleScopeTagIds/0"\n    },\n    {\n      "disposition": "service_owned",\n      "kind": "string",\n      "loss_blocking": false,\n      "reason": "Snapshot/provenance or service metadata; not an API write value",\n      "source_pointer": "/collections/0/pages/0/body/value/1/createdDateTime"\n    },\n    {\n      "disposition": "service_owned",\n      "kind": "string",\n      "loss_blocking": false,\n      "reason": "Snapshot/provenance or service metadata; not an API write value",\n      "source_pointer": "/collections/0/pages/0/body/value/1/lastModifiedDateTime"\n    },\n    {\n      "disposition": "service_owned",\n      "kind": "number",\n      "loss_blocking": false,\n      "reason": "Snapshot/provenance or service metadata; not an API write value",\n      "source_pointer": "/collections/0/pages/0/body/value/1/settingCount"\n    },\n    {\n      "disposition": "service_owned",\n      "kind": "boolean",\n      "loss_blocking": false,\n      "reason": "Snapshot/provenance or service metadata; not an API write value",\n      "source_pointer": "/collections/0/pages/0/body/value/1/isAssigned"\n    },\n    {\n      "disposition": "service_owned",\n      "kind": "object",\n      "loss_blocking": false,\n      "reason": "Snapshot/provenance or service metadata; not an API write value",\n      "source_pointer": "/collections/0/pages/0/body/value/1/templateReference"\n    },\n    {\n      "disposition": "service_owned",\n      "kind": "string",\n      "loss_blocking": false,\n      "reason": "Snapshot/provenance or service metadata; not an API write value",\n      "source_pointer": "/collections/0/pages/0/body/value/1/templateReference/templateId"\n    },\n    {\n      "disposition": "service_owned",\n      "kind": "string",\n      "loss_blocking": false,\n      "reason": "Snapshot/provenance or service metadata; not an API write value",\n      "source_pointer": "/collections/0/pages/0/body/value/1/templateReference/templateFamily"\n    },\n    {\n      "disposition": "service_owned",\n      "kind": "null",\n      "loss_blocking": false,\n      "reason": "Snapshot/provenance or service metadata; not an API write value",\n      "source_pointer": "/collections/0/pages/0/body/value/1/templateReference/templateDisplayName"\n    },\n    {\n      "disposition": "service_owned",\n      "kind": "null",\n      "loss_blocking": false,\n      "reason": "Snapshot/provenance or service metadata; not an API write value",\n      "source_pointer": "/collections/0/pages/0/body/value/1/templateReference/templateDisplayVersion"\n    },\n    {\n      "disposition": "service_owned",\n      "kind": "object",\n      "loss_blocking": false,\n      "reason": "Snapshot/provenance or service metadata; not an API write value",\n      "source_pointer": "/collections/1"\n    },\n    {\n      "disposition": "service_owned",\n      "kind": "string",\n      "loss_blocking": false,\n      "reason": "Snapshot/provenance or service metadata; not an API write value",\n      "source_pointer": "/collections/1/kind"\n    },\n    {\n      "disposition": "service_owned",\n      "kind": "string",\n      "loss_blocking": false,\n      "reason": "Snapshot/provenance or service metadata; not an API write value",\n      "source_pointer": "/collections/1/owner_id"\n    },\n    {\n      "disposition": "service_owned",\n      "kind": "string",\n      "loss_blocking": false,\n      "reason": "Snapshot/provenance or service metadata; not an API write value",\n      "source_pointer": "/collections/1/coverage"\n    },\n    {\n      "disposition": "service_owned",\n      "kind": "null",\n      "loss_blocking": false,\n      "reason": "Snapshot/provenance or service metadata; not an API write value",\n      "source_pointer": "/collections/1/reason"\n    },\n    {\n      "disposition": "service_owned",\n      "kind": "array",\n      "loss_blocking": false,\n      "reason": "Snapshot/provenance or service metadata; not an API write value",\n      "source_pointer": "/collections/1/pages"\n    },\n    {\n      "disposition": "service_owned",\n      "kind": "object",\n      "loss_blocking": false,\n      "reason": "Snapshot/provenance or service metadata; not an API write value",\n      "source_pointer": "/collections/1/pages/0"\n    },\n    {\n      "disposition": "service_owned",\n      "kind": "string",\n      "loss_blocking": false,\n      "reason": "Snapshot/provenance or service metadata; not an API write value",\n      "source_pointer": "/collections/1/pages/0/request_url"\n    },\n    {\n      "disposition": "service_owned",\n      "kind": "string",\n      "loss_blocking": false,\n      "reason": "Snapshot/provenance or service metadata; not an API write value",\n      "source_pointer": "/collections/1/pages/0/method"\n    },\n    {\n      "disposition": "service_owned",\n      "kind": "number",\n      "loss_blocking": false,\n      "reason": "Snapshot/provenance or service metadata; not an API write value",\n      "source_pointer": "/collections/1/pages/0/http_status"\n    },\n    {\n      "disposition": "service_owned",\n      "kind": "string",\n      "loss_blocking": false,\n      "reason": "Snapshot/provenance or service metadata; not an API write value",\n      "source_pointer": "/collections/1/pages/0/captured_at"\n    },\n    {\n      "disposition": "service_owned",\n      "kind": "object",\n      "loss_blocking": false,\n      "reason": "Snapshot/provenance or service metadata; not an API write value",\n      "source_pointer": "/collections/1/pages/0/body"\n    },\n    {\n      "disposition": "service_owned",\n      "kind": "array",\n      "loss_blocking": false,\n      "reason": "Snapshot/provenance or service metadata; not an API write value",\n      "source_pointer": "/collections/1/pages/0/body/value"\n    },\n    {\n      "disposition": "service_owned",\n      "kind": "object",\n      "loss_blocking": false,\n      "reason": "Snapshot/provenance or service metadata; not an API write value",\n      "source_pointer": "/collections/1/pages/0/body/value/0"\n    },\n    {\n      "disposition": "desired",\n      "kind": "string",\n      "loss_blocking": false,\n      "reason": "Preserved setting subtree in JSON input",\n      "source_pointer": "/collections/1/pages/0/body/value/0/@odata.type"\n    },\n    {\n      "disposition": "service_owned",\n      "kind": "string",\n      "loss_blocking": false,\n      "reason": "Snapshot/provenance or service metadata; not an API write value",\n      "source_pointer": "/collections/1/pages/0/body/value/0/id"\n    },\n    {\n      "disposition": "desired",\n      "kind": "object",\n      "loss_blocking": false,\n      "reason": "Preserved setting subtree in JSON input",\n      "source_pointer": "/collections/1/pages/0/body/value/0/settingInstance"\n    },\n    {\n      "disposition": "desired",\n      "kind": "string",\n      "loss_blocking": false,\n      "reason": "Preserved setting subtree in JSON input",\n      "source_pointer": "/collections/1/pages/0/body/value/0/settingInstance/@odata.type"\n    },\n    {\n      "disposition": "desired",\n      "kind": "string",\n      "loss_blocking": false,\n      "reason": "Preserved setting subtree in JSON input",\n      "source_pointer": "/collections/1/pages/0/body/value/0/settingInstance/settingDefinitionId"\n    },\n    {\n      "disposition": "desired",\n      "kind": "null",\n      "loss_blocking": false,\n      "reason": "Preserved setting subtree in JSON input",\n      "source_pointer": "/collections/1/pages/0/body/value/0/settingInstance/settingInstanceTemplateReference"\n    },\n    {\n      "disposition": "desired",\n      "kind": "object",\n      "loss_blocking": false,\n      "reason": "Preserved setting subtree in JSON input",\n      "source_pointer": "/collections/1/pages/0/body/value/0/settingInstance/choiceSettingValue"\n    },\n    {\n      "disposition": "desired",\n      "kind": "string",\n      "loss_blocking": false,\n      "reason": "Preserved setting subtree in JSON input",\n      "source_pointer": "/collections/1/pages/0/body/value/0/settingInstance/choiceSettingValue/@odata.type"\n    },\n    {\n      "disposition": "desired",\n      "kind": "null",\n      "loss_blocking": false,\n      "reason": "Preserved setting subtree in JSON input",\n      "source_pointer": "/collections/1/pages/0/body/value/0/settingInstance/choiceSettingValue/settingValueTemplateReference"\n    },\n    {\n      "disposition": "desired",\n      "kind": "string",\n      "loss_blocking": false,\n      "reason": "Preserved setting subtree in JSON input",\n      "source_pointer": "/collections/1/pages/0/body/value/0/settingInstance/choiceSettingValue/value"\n    },\n    {\n      "disposition": "desired",\n      "kind": "array",\n      "loss_blocking": false,\n      "reason": "Preserved setting subtree in JSON input",\n      "source_pointer": "/collections/1/pages/0/body/value/0/settingInstance/choiceSettingValue/children"\n    },\n    {\n      "disposition": "unsupported",\n      "kind": "object",\n      "loss_blocking": true,\n      "reason": "Blocked by field or coverage rule; raw value retained only in original source",\n      "source_pointer": "/collections/1/pages/0/body/value/0/settingInstance/KEY_CANARY_9172"\n    },\n    {\n      "disposition": "unsupported",\n      "kind": "string",\n      "loss_blocking": true,\n      "reason": "Blocked by field or coverage rule; raw value retained only in original source",\n      "source_pointer": "/collections/1/pages/0/body/value/0/settingInstance/KEY_CANARY_9172/known"\n    },\n    {\n      "disposition": "service_owned",\n      "kind": "object",\n      "loss_blocking": false,\n      "reason": "Snapshot/provenance or service metadata; not an API write value",\n      "source_pointer": "/collections/2"\n    },\n    {\n      "disposition": "service_owned",\n      "kind": "string",\n      "loss_blocking": false,\n      "reason": "Snapshot/provenance or service metadata; not an API write value",\n      "source_pointer": "/collections/2/kind"\n    },\n    {\n      "disposition": "service_owned",\n      "kind": "string",\n      "loss_blocking": false,\n      "reason": "Snapshot/provenance or service metadata; not an API write value",\n      "source_pointer": "/collections/2/owner_id"\n    },\n    {\n      "disposition": "service_owned",\n      "kind": "string",\n      "loss_blocking": false,\n      "reason": "Snapshot/provenance or service metadata; not an API write value",\n      "source_pointer": "/collections/2/coverage"\n    },\n    {\n      "disposition": "service_owned",\n      "kind": "null",\n      "loss_blocking": false,\n      "reason": "Snapshot/provenance or service metadata; not an API write value",\n      "source_pointer": "/collections/2/reason"\n    },\n    {\n      "disposition": "service_owned",\n      "kind": "array",\n      "loss_blocking": false,\n      "reason": "Snapshot/provenance or service metadata; not an API write value",\n      "source_pointer": "/collections/2/pages"\n    },\n    {\n      "disposition": "service_owned",\n      "kind": "object",\n      "loss_blocking": false,\n      "reason": "Snapshot/provenance or service metadata; not an API write value",\n      "source_pointer": "/collections/2/pages/0"\n    },\n    {\n      "disposition": "service_owned",\n      "kind": "string",\n      "loss_blocking": false,\n      "reason": "Snapshot/provenance or service metadata; not an API write value",\n      "source_pointer": "/collections/2/pages/0/request_url"\n    },\n    {\n      "disposition": "service_owned",\n      "kind": "string",\n      "loss_blocking": false,\n      "reason": "Snapshot/provenance or service metadata; not an API write value",\n      "source_pointer": "/collections/2/pages/0/method"\n    },\n    {\n      "disposition": "service_owned",\n      "kind": "number",\n      "loss_blocking": false,\n      "reason": "Snapshot/provenance or service metadata; not an API write value",\n      "source_pointer": "/collections/2/pages/0/http_status"\n    },\n    {\n      "disposition": "service_owned",\n      "kind": "string",\n      "loss_blocking": false,\n      "reason": "Snapshot/provenance or service metadata; not an API write value",\n      "source_pointer": "/collections/2/pages/0/captured_at"\n    },\n    {\n      "disposition": "service_owned",\n      "kind": "object",\n      "loss_blocking": false,\n      "reason": "Snapshot/provenance or service metadata; not an API write value",\n      "source_pointer": "/collections/2/pages/0/body"\n    },\n    {\n      "disposition": "service_owned",\n      "kind": "array",\n      "loss_blocking": false,\n      "reason": "Snapshot/provenance or service metadata; not an API write value",\n      "source_pointer": "/collections/2/pages/0/body/value"\n    },\n    {\n      "disposition": "service_owned",\n      "kind": "object",\n      "loss_blocking": false,\n      "reason": "Snapshot/provenance or service metadata; not an API write value",\n      "source_pointer": "/collections/2/pages/0/body/value/0"\n    },\n    {\n      "disposition": "service_owned",\n      "kind": "string",\n      "loss_blocking": false,\n      "reason": "Snapshot/provenance or service metadata; not an API write value",\n      "source_pointer": "/collections/2/pages/0/body/value/0/@odata.type"\n    },\n    {\n      "disposition": "identity",\n      "kind": "string",\n      "loss_blocking": false,\n      "reason": "Source assignment record; not a group or independent writer",\n      "source_pointer": "/collections/2/pages/0/body/value/0/id"\n    },\n    {\n      "disposition": "relationship",\n      "kind": "object",\n      "loss_blocking": false,\n      "reason": "Mapped assignment target without ownership of referenced object",\n      "source_pointer": "/collections/2/pages/0/body/value/0/target"\n    },\n    {\n      "disposition": "relationship",\n      "kind": "string",\n      "loss_blocking": false,\n      "reason": "Mapped assignment target without ownership of referenced object",\n      "source_pointer": "/collections/2/pages/0/body/value/0/target/@odata.type"\n    },\n    {\n      "disposition": "relationship",\n      "kind": "string",\n      "loss_blocking": false,\n      "reason": "Mapped assignment target without ownership of referenced object",\n      "source_pointer": "/collections/2/pages/0/body/value/0/target/groupId"\n    },\n    {\n      "disposition": "relationship",\n      "kind": "string",\n      "loss_blocking": false,\n      "reason": "Mapped assignment target without ownership of referenced object",\n      "source_pointer": "/collections/2/pages/0/body/value/0/target/deviceAndAppManagementAssignmentFilterType"\n    },\n    {\n      "disposition": "relationship",\n      "kind": "string",\n      "loss_blocking": false,\n      "reason": "Mapped assignment target without ownership of referenced object",\n      "source_pointer": "/collections/2/pages/0/body/value/0/target/deviceAndAppManagementAssignmentFilterId"\n    },\n    {\n      "disposition": "service_owned",\n      "kind": "object",\n      "loss_blocking": false,\n      "reason": "Snapshot/provenance or service metadata; not an API write value",\n      "source_pointer": "/collections/2/pages/0/body/value/1"\n    },\n    {\n      "disposition": "service_owned",\n      "kind": "string",\n      "loss_blocking": false,\n      "reason": "Snapshot/provenance or service metadata; not an API write value",\n      "source_pointer": "/collections/2/pages/0/body/value/1/@odata.type"\n    },\n    {\n      "disposition": "identity",\n      "kind": "string",\n      "loss_blocking": false,\n      "reason": "Source assignment record; not a group or independent writer",\n      "source_pointer": "/collections/2/pages/0/body/value/1/id"\n    },\n    {\n      "disposition": "relationship",\n      "kind": "object",\n      "loss_blocking": false,\n      "reason": "Mapped assignment target without ownership of referenced object",\n      "source_pointer": "/collections/2/pages/0/body/value/1/target"\n    },\n    {\n      "disposition": "relationship",\n      "kind": "string",\n      "loss_blocking": false,\n      "reason": "Mapped assignment target without ownership of referenced object",\n      "source_pointer": "/collections/2/pages/0/body/value/1/target/@odata.type"\n    },\n    {\n      "disposition": "relationship",\n      "kind": "string",\n      "loss_blocking": false,\n      "reason": "Mapped assignment target without ownership of referenced object",\n      "source_pointer": "/collections/2/pages/0/body/value/1/target/groupId"\n    },\n    {\n      "disposition": "relationship",\n      "kind": "string",\n      "loss_blocking": false,\n      "reason": "Mapped assignment target without ownership of referenced object",\n      "source_pointer": "/collections/2/pages/0/body/value/1/target/deviceAndAppManagementAssignmentFilterType"\n    },\n    {\n      "disposition": "relationship",\n      "kind": "null",\n      "loss_blocking": false,\n      "reason": "Mapped assignment target without ownership of referenced object",\n      "source_pointer": "/collections/2/pages/0/body/value/1/target/deviceAndAppManagementAssignmentFilterId"\n    },\n    {\n      "disposition": "service_owned",\n      "kind": "object",\n      "loss_blocking": false,\n      "reason": "Snapshot/provenance or service metadata; not an API write value",\n      "source_pointer": "/collections/2/pages/0/body/value/2"\n    },\n    {\n      "disposition": "service_owned",\n      "kind": "string",\n      "loss_blocking": false,\n      "reason": "Snapshot/provenance or service metadata; not an API write value",\n      "source_pointer": "/collections/2/pages/0/body/value/2/@odata.type"\n    },\n    {\n      "disposition": "identity",\n      "kind": "string",\n      "loss_blocking": false,\n      "reason": "Source assignment record; not a group or independent writer",\n      "source_pointer": "/collections/2/pages/0/body/value/2/id"\n    },\n    {\n      "disposition": "relationship",\n      "kind": "object",\n      "loss_blocking": false,\n      "reason": "Mapped assignment target without ownership of referenced object",\n      "source_pointer": "/collections/2/pages/0/body/value/2/target"\n    },\n    {\n      "disposition": "relationship",\n      "kind": "string",\n      "loss_blocking": false,\n      "reason": "Mapped assignment target without ownership of referenced object",\n      "source_pointer": "/collections/2/pages/0/body/value/2/target/@odata.type"\n    },\n    {\n      "disposition": "relationship",\n      "kind": "string",\n      "loss_blocking": false,\n      "reason": "Mapped assignment target without ownership of referenced object",\n      "source_pointer": "/collections/2/pages/0/body/value/2/target/groupId"\n    },\n    {\n      "disposition": "relationship",\n      "kind": "string",\n      "loss_blocking": false,\n      "reason": "Mapped assignment target without ownership of referenced object",\n      "source_pointer": "/collections/2/pages/0/body/value/2/target/deviceAndAppManagementAssignmentFilterType"\n    },\n    {\n      "disposition": "relationship",\n      "kind": "null",\n      "loss_blocking": false,\n      "reason": "Mapped assignment target without ownership of referenced object",\n      "source_pointer": "/collections/2/pages/0/body/value/2/target/deviceAndAppManagementAssignmentFilterId"\n    },\n    {\n      "disposition": "separately_managed",\n      "kind": "array",\n      "loss_blocking": false,\n      "reason": "External object reference only",\n      "source_pointer": "/references"\n    },\n    {\n      "disposition": "separately_managed",\n      "kind": "object",\n      "loss_blocking": false,\n      "reason": "External object reference only",\n      "source_pointer": "/references/0"\n    },\n    {\n      "disposition": "separately_managed",\n      "kind": "string",\n      "loss_blocking": false,\n      "reason": "External object reference only",\n      "source_pointer": "/references/0/kind"\n    },\n    {\n      "disposition": "separately_managed",\n      "kind": "string",\n      "loss_blocking": false,\n      "reason": "External object reference only",\n      "source_pointer": "/references/0/id"\n    },\n    {\n      "disposition": "separately_managed",\n      "kind": "string",\n      "loss_blocking": false,\n      "reason": "External object reference only",\n      "source_pointer": "/references/0/ownership"\n    },\n    {\n      "disposition": "separately_managed",\n      "kind": "string",\n      "loss_blocking": false,\n      "reason": "External object reference only",\n      "source_pointer": "/references/0/coverage"\n    },\n    {\n      "disposition": "separately_managed",\n      "kind": "string",\n      "loss_blocking": false,\n      "reason": "External object reference only",\n      "source_pointer": "/references/0/captured_at"\n    },\n    {\n      "disposition": "separately_managed",\n      "kind": "object",\n      "loss_blocking": false,\n      "reason": "External object reference only",\n      "source_pointer": "/references/1"\n    },\n    {\n      "disposition": "separately_managed",\n      "kind": "string",\n      "loss_blocking": false,\n      "reason": "External object reference only",\n      "source_pointer": "/references/1/kind"\n    },\n    {\n      "disposition": "separately_managed",\n      "kind": "string",\n      "loss_blocking": false,\n      "reason": "External object reference only",\n      "source_pointer": "/references/1/id"\n    },\n    {\n      "disposition": "separately_managed",\n      "kind": "string",\n      "loss_blocking": false,\n      "reason": "External object reference only",\n      "source_pointer": "/references/1/ownership"\n    },\n    {\n      "disposition": "separately_managed",\n      "kind": "string",\n      "loss_blocking": false,\n      "reason": "External object reference only",\n      "source_pointer": "/references/1/coverage"\n    },\n    {\n      "disposition": "separately_managed",\n      "kind": "string",\n      "loss_blocking": false,\n      "reason": "External object reference only",\n      "source_pointer": "/references/1/captured_at"\n    },\n    {\n      "disposition": "separately_managed",\n      "kind": "object",\n      "loss_blocking": false,\n      "reason": "External object reference only",\n      "source_pointer": "/references/2"\n    },\n    {\n      "disposition": "separately_managed",\n      "kind": "string",\n      "loss_blocking": false,\n      "reason": "External object reference only",\n      "source_pointer": "/references/2/kind"\n    },\n    {\n      "disposition": "separately_managed",\n      "kind": "string",\n      "loss_blocking": false,\n      "reason": "External object reference only",\n      "source_pointer": "/references/2/id"\n    },\n    {\n      "disposition": "separately_managed",\n      "kind": "string",\n      "loss_blocking": false,\n      "reason": "External object reference only",\n      "source_pointer": "/references/2/ownership"\n    },\n    {\n      "disposition": "separately_managed",\n      "kind": "string",\n      "loss_blocking": false,\n      "reason": "External object reference only",\n      "source_pointer": "/references/2/coverage"\n    },\n    {\n      "disposition": "separately_managed",\n      "kind": "string",\n      "loss_blocking": false,\n      "reason": "External object reference only",\n      "source_pointer": "/references/2/captured_at"\n    },\n    {\n      "disposition": "separately_managed",\n      "kind": "object",\n      "loss_blocking": false,\n      "reason": "External object reference only",\n      "source_pointer": "/references/3"\n    },\n    {\n      "disposition": "separately_managed",\n      "kind": "string",\n      "loss_blocking": false,\n      "reason": "External object reference only",\n      "source_pointer": "/references/3/kind"\n    },\n    {\n      "disposition": "separately_managed",\n      "kind": "string",\n      "loss_blocking": false,\n      "reason": "External object reference only",\n      "source_pointer": "/references/3/id"\n    },\n    {\n      "disposition": "separately_managed",\n      "kind": "string",\n      "loss_blocking": false,\n      "reason": "External object reference only",\n      "source_pointer": "/references/3/ownership"\n    },\n    {\n      "disposition": "separately_managed",\n      "kind": "string",\n      "loss_blocking": false,\n      "reason": "External object reference only",\n      "source_pointer": "/references/3/coverage"\n    },\n    {\n      "disposition": "separately_managed",\n      "kind": "string",\n      "loss_blocking": false,\n      "reason": "External object reference only",\n      "source_pointer": "/references/3/captured_at"\n    },\n    {\n      "disposition": "separately_managed",\n      "kind": "object",\n      "loss_blocking": false,\n      "reason": "External object reference only",\n      "source_pointer": "/references/4"\n    },\n    {\n      "disposition": "separately_managed",\n      "kind": "string",\n      "loss_blocking": false,\n      "reason": "External object reference only",\n      "source_pointer": "/references/4/kind"\n    },\n    {\n      "disposition": "separately_managed",\n      "kind": "string",\n      "loss_blocking": false,\n      "reason": "External object reference only",\n      "source_pointer": "/references/4/id"\n    },\n    {\n      "disposition": "separately_managed",\n      "kind": "string",\n      "loss_blocking": false,\n      "reason": "External object reference only",\n      "source_pointer": "/references/4/ownership"\n    },\n    {\n      "disposition": "separately_managed",\n      "kind": "string",\n      "loss_blocking": false,\n      "reason": "External object reference only",\n      "source_pointer": "/references/4/coverage"\n    },\n    {\n      "disposition": "separately_managed",\n      "kind": "string",\n      "loss_blocking": false,\n      "reason": "External object reference only",\n      "source_pointer": "/references/4/captured_at"\n    },\n    {\n      "disposition": "service_owned",\n      "kind": "array",\n      "loss_blocking": false,\n      "reason": "Snapshot/provenance or service metadata; not an API write value",\n      "source_pointer": "/ownership"\n    },\n    {\n      "disposition": "service_owned",\n      "kind": "object",\n      "loss_blocking": false,\n      "reason": "Snapshot/provenance or service metadata; not an API write value",\n      "source_pointer": "/ownership/0"\n    },\n    {\n      "disposition": "service_owned",\n      "kind": "string",\n      "loss_blocking": false,\n      "reason": "Snapshot/provenance or service metadata; not an API write value",\n      "source_pointer": "/ownership/0/object_id"\n    },\n    {\n      "disposition": "service_owned",\n      "kind": "null",\n      "loss_blocking": false,\n      "reason": "Snapshot/provenance or service metadata; not an API write value",\n      "source_pointer": "/ownership/0/current_writer"\n    },\n    {\n      "disposition": "service_owned",\n      "kind": "string",\n      "loss_blocking": false,\n      "reason": "Snapshot/provenance or service metadata; not an API write value",\n      "source_pointer": "/ownership/0/adoption_intent"\n    }\n  ],\n  "schema_version": "1.0.0"\n}\n{\n  "collections": [\n    {\n      "complete": true,\n      "kind": "policies",\n      "owner_id": null,\n      "page_count": 1,\n      "source_pointer": "/collections/0"\n    },\n    {\n      "complete": true,\n      "kind": "settings",\n      "owner_id": "22222222-2222-4222-8222-222222222222",\n      "page_count": 1,\n      "source_pointer": "/collections/1"\n    },\n    {\n      "complete": true,\n      "kind": "assignments",\n      "owner_id": "22222222-2222-4222-8222-222222222222",\n      "page_count": 1,\n      "source_pointer": "/collections/2"\n    }\n  ],\n  "schema_version": "1.0.0"\n}\n{\n  "blockers": [\n    {\n      "code": "unsupported_setting_field",\n      "source_pointer": "/collections/1/pages/0/body/value/0/settingInstance/KEY_CANARY_9172"\n    },\n    {\n      "code": "unsupported_setting_field",\n      "source_pointer": "/collections/1/pages/0/body/value/0/settingInstance/KEY_CANARY_9172/known"\n    }\n  ],\n  "execution_authorized": false,\n  "live_qualified": false,\n  "offline_mapping_complete": false,\n  "provider": "deploymenttheory/microsoft365",\n  "schema_version": "1.0.0",\n  "version": "1.0.0"\n}\n{\n  "objects": [\n    {\n      "address": "microsoft365_graph_beta_device_management_settings_catalog_configuration_policy_json.policy[\\"p_11111111111141118111111111111111_22222222222242228222222222222222\\"]",\n      "import_id": "22222222-2222-4222-8222-222222222222",\n      "import_status": "not_run",\n      "object_id": "22222222-2222-4222-8222-222222222222",\n      "provider_source": "deploymenttheory/microsoft365",\n      "provider_version": "1.0.0",\n      "referenced_objects_owner": "external",\n      "resource_family": "settings_catalog_policy",\n      "tenant_id": "11111111-1111-4111-8111-111111111111"\n    }\n  ],\n  "schema_version": "1.0.0"\n}\n{\n  "blockers": [\n    {\n      "code": "unsupported_setting_field",\n      "source_pointer": "/collections/1/pages/0/body/value/0/settingInstance/KEY_CANARY_9172"\n    },\n    {\n      "code": "unsupported_setting_field",\n      "source_pointer": "/collections/1/pages/0/body/value/0/settingInstance/KEY_CANARY_9172/known"\n    }\n  ],\n  "raw_values_location": "original restricted input; not copied here",\n  "schema_version": "1.0.0",\n  "source_canonical_sha256": "460baa3bbd9a15fb002d750bb17563017e538731b173771f1be5a5f6aa8df2e1"\n}\n# Synthetic source-qualified reference only. No provider or tenant execution.\nterraform {\n  required_version = ">= 1.10.0, < 1.11.0"\n  required_providers {\n    microsoft365 = { source = "deploymenttheory/microsoft365", version = "1.0.0" }\n  }\n}\nvariable "live_qualification_ack" {\n  type = bool\n  default = false\n  description = "Must remain false until independent qualification and approval."\n}\nlocals {\n  adoption = jsondecode(file("${path.module}/adoption-input.json"))\n}\nresource "microsoft365_graph_beta_device_management_settings_catalog_configuration_policy_json" "policy" {\n  for_each           = { (local.adoption.key) = local.adoption.desired }\n  name               = each.value.name\n  description        = each.value.description\n  platforms          = each.value.platforms\n  technologies       = each.value.technologies\n  role_scope_tag_ids = each.value.role_scope_tag_ids\n  settings           = jsonencode(each.value.settings)\n  assignments        = each.value.assignments\n  lifecycle {\n    prevent_destroy = true\n    precondition {\n      condition     = var.live_qualification_ack\n      error_message = "Reference materials only: qualify provider, target and authorization before execution."\n    }\n  }\n}\noutput "adoption_object_ids" {\n  description = "Provider-returned policy IDs; not proof of endpoint success."\n  value = { for k, v in microsoft365_graph_beta_device_management_settings_catalog_configuration_policy_json.policy : k => v.id }\n}\n{\n  "desired": {\n    "assignments": [\n      {\n        "filter_id": "77777777-7777-4777-8777-777777777777",\n        "filter_type": "include",\n        "group_id": "44444444-4444-4444-8444-444444444444",\n        "type": "groupAssignmentTarget"\n      },\n      {\n        "filter_type": "none",\n        "group_id": "55555555-5555-4555-8555-555555555555",\n        "type": "groupAssignmentTarget"\n      },\n      {\n        "filter_type": "none",\n        "group_id": "66666666-6666-4666-8666-666666666666",\n        "type": "exclusionGroupAssignmentTarget"\n      }\n    ],\n    "description": "Synthetic reference; not production advice.",\n    "name": "Windows Privacy Pilot",\n    "platforms": "windows10",\n    "role_scope_tag_ids": [\n      "0"\n    ],\n    "settings": {\n      "settings": [\n        {\n          "@odata.type": "#microsoft.graph.deviceManagementConfigurationSetting",\n          "settingInstance": {\n            "@odata.type": "#microsoft.graph.deviceManagementConfigurationChoiceSettingInstance",\n            "KEY_CANARY_9172": {\n              "known": "VALUE_CANARY_9172"\n            },\n            "choiceSettingValue": {\n              "@odata.type": "#microsoft.graph.deviceManagementConfigurationChoiceSettingValue",\n              "children": [],\n              "settingValueTemplateReference": null,\n              "value": "device_vendor_msft_policy_config_privacy_letappsaccesslocation_2"\n            },\n            "settingDefinitionId": "device_vendor_msft_policy_config_privacy_letappsaccesslocation",\n            "settingInstanceTemplateReference": null\n          }\n        }\n      ]\n    },\n    "technologies": [\n      "mdm"\n    ]\n  },\n  "key": "p_11111111111141118111111111111111_22222222222242228222222222222222"\n}\n{\n  "blockers": [\n    {\n      "code": "unsupported_setting_field",\n      "source_pointer": "/collections/1/pages/0/body/value/0/settingInstance/KEY_CANARY_9172"\n    },\n    {\n      "code": "unsupported_setting_field",\n      "source_pointer": "/collections/1/pages/0/body/value/0/settingInstance/KEY_CANARY_9172/known"\n    }\n  ],\n  "execution_allowed": false,\n  "schema_version": "1.0.0"\n}\n{\n  "cards": [],\n  "schema_version": "1.0.0"\n}\n'

======================================================================
FAIL: test_unmapped_capability_review_only (evaluations.test_repaired_pipeline.PipelineRepairs.test_unmapped_capability_review_only)
----------------------------------------------------------------------
Traceback (most recent call last):
  File "/workspace/scratch/26b6d364cfda/intune-iac-repaired/evaluations/test_repaired_pipeline.py", line 43, in test_unmapped_capability_review_only
    b=copy.deepcopy(B);setting(b)['settingInstance']['settingDefinitionId']='future_definition';self.blocked(b)
                                                                                                ^^^^^^^^^^^^^^^
  File "/workspace/scratch/26b6d364cfda/intune-iac-repaired/evaluations/test_repaired_pipeline.py", line 16, in blocked
    self.assertTrue(n['blockers']);self.assertFalse(n['offline_mapping_complete'])
    ^^^^^^^^^^^^^^^^^^^^^^^^^^^^^^
AssertionError: [] is not true

======================================================================
FAIL: test_zero_invalid_guids_and_description (evaluations.test_repaired_pipeline.PipelineRepairs.test_zero_invalid_guids_and_description)
----------------------------------------------------------------------
Traceback (most recent call last):
  File "/workspace/scratch/26b6d364cfda/intune-iac-repaired/evaluations/test_repaired_pipeline.py", line 33, in test_zero_invalid_guids_and_description
    b=copy.deepcopy(B);mutate(b);self.blocked(b)
                                 ^^^^^^^^^^^^^^^
  File "/workspace/scratch/26b6d364cfda/intune-iac-repaired/evaluations/test_repaired_pipeline.py", line 16, in blocked
    self.assertTrue(n['blockers']);self.assertFalse(n['offline_mapping_complete'])
    ^^^^^^^^^^^^^^^^^^^^^^^^^^^^^^
AssertionError: [] is not true

----------------------------------------------------------------------
Ran 12 tests in 0.064s

FAILED (failures=19, errors=1)
