======================================================================
ERROR: test_assignment_query_preserves_duplicate_identity_blocker_and_unknown_coverage (test_atmos_audit.AtmosAuditTests.test_assignment_query_preserves_duplicate_identity_blocker_and_unknown_coverage)
----------------------------------------------------------------------
Traceback (most recent call last):
  File "/workspace/scratch/e2e4042ea5fd/work/intune-iac/plugin_tests/test_atmos_audit.py", line 127, in test_assignment_query_preserves_duplicate_identity_blocker_and_unknown_coverage
    graph = build_graph(self.put('source.json', json.dumps(source)))
            ^^^^^^^^^^^^^^^^^^^^^^^^^^^^^^^^^^^^^^^^^^^^^^^^^^^^^^^^
  File "/workspace/scratch/e2e4042ea5fd/work/intune-iac/intune_iac/graph.py", line 189, in build_graph
    inventory_complete = len(inventory)==1 and _policy_inventory_complete(inventory[0][1], production_capture)
                                               ^^^^^^^^^^^^^^^^^^^^^^^^^^^^^^^^^^^^^^^^^^^^^^^^^^^^^^^^^^^^^^^
  File "/workspace/scratch/e2e4042ea5fd/work/intune-iac/intune_iac/graph.py", line 85, in _policy_inventory_complete
    from reference.validation import capture_errors
  File "/workspace/scratch/e2e4042ea5fd/work/intune-iac/reference/validation.py", line 12, in <module>
    from jsonschema import Draft202012Validator, FormatChecker
ModuleNotFoundError: No module named 'jsonschema'

======================================================================
ERROR: test_blocked_discovered_stack_prevents_overall_resolved_claim (test_atmos_audit.AtmosAuditTests.test_blocked_discovered_stack_prevents_overall_resolved_claim)
----------------------------------------------------------------------
Traceback (most recent call last):
  File "/workspace/scratch/e2e4042ea5fd/work/intune-iac/plugin_tests/test_atmos_audit.py", line 93, in test_blocked_discovered_stack_prevents_overall_resolved_claim
    graph = self.graph()
            ^^^^^^^^^^^^
  File "/workspace/scratch/e2e4042ea5fd/work/intune-iac/plugin_tests/test_atmos_audit.py", line 30, in graph
    return build_graph(self.put('source.json', json.dumps(self.source)), atmos_root=self.root)
           ^^^^^^^^^^^^^^^^^^^^^^^^^^^^^^^^^^^^^^^^^^^^^^^^^^^^^^^^^^^^^^^^^^^^^^^^^^^^^^^^^^^
  File "/workspace/scratch/e2e4042ea5fd/work/intune-iac/intune_iac/graph.py", line 189, in build_graph
    inventory_complete = len(inventory)==1 and _policy_inventory_complete(inventory[0][1], production_capture)
                                               ^^^^^^^^^^^^^^^^^^^^^^^^^^^^^^^^^^^^^^^^^^^^^^^^^^^^^^^^^^^^^^^
  File "/workspace/scratch/e2e4042ea5fd/work/intune-iac/intune_iac/graph.py", line 85, in _policy_inventory_complete
    from reference.validation import capture_errors
  File "/workspace/scratch/e2e4042ea5fd/work/intune-iac/reference/validation.py", line 12, in <module>
    from jsonschema import Draft202012Validator, FormatChecker
ModuleNotFoundError: No module named 'jsonschema'

======================================================================
ERROR: test_coherent_filtered_exclusion_is_outside_the_bounded_assignment_contract (test_atmos_audit.AtmosAuditTests.test_coherent_filtered_exclusion_is_outside_the_bounded_assignment_contract)
----------------------------------------------------------------------
Traceback (most recent call last):
  File "/workspace/scratch/e2e4042ea5fd/work/intune-iac/plugin_tests/test_atmos_audit.py", line 202, in test_coherent_filtered_exclusion_is_outside_the_bounded_assignment_contract
    graph = build_graph(self.put('source.json', json.dumps(self.source)))
            ^^^^^^^^^^^^^^^^^^^^^^^^^^^^^^^^^^^^^^^^^^^^^^^^^^^^^^^^^^^^^
  File "/workspace/scratch/e2e4042ea5fd/work/intune-iac/intune_iac/graph.py", line 189, in build_graph
    inventory_complete = len(inventory)==1 and _policy_inventory_complete(inventory[0][1], production_capture)
                                               ^^^^^^^^^^^^^^^^^^^^^^^^^^^^^^^^^^^^^^^^^^^^^^^^^^^^^^^^^^^^^^^
  File "/workspace/scratch/e2e4042ea5fd/work/intune-iac/intune_iac/graph.py", line 85, in _policy_inventory_complete
    from reference.validation import capture_errors
  File "/workspace/scratch/e2e4042ea5fd/work/intune-iac/reference/validation.py", line 12, in <module>
    from jsonschema import Draft202012Validator, FormatChecker
ModuleNotFoundError: No module named 'jsonschema'

======================================================================
ERROR: test_duplicate_case_normalized_policy_id_never_claims_complete_inventory (test_atmos_audit.AtmosAuditTests.test_duplicate_case_normalized_policy_id_never_claims_complete_inventory)
----------------------------------------------------------------------
Traceback (most recent call last):
  File "/workspace/scratch/e2e4042ea5fd/work/intune-iac/plugin_tests/test_atmos_audit.py", line 116, in test_duplicate_case_normalized_policy_id_never_claims_complete_inventory
    graph = build_graph(self.put('source.json', json.dumps(source)))
            ^^^^^^^^^^^^^^^^^^^^^^^^^^^^^^^^^^^^^^^^^^^^^^^^^^^^^^^^
  File "/workspace/scratch/e2e4042ea5fd/work/intune-iac/intune_iac/graph.py", line 189, in build_graph
    inventory_complete = len(inventory)==1 and _policy_inventory_complete(inventory[0][1], production_capture)
                                               ^^^^^^^^^^^^^^^^^^^^^^^^^^^^^^^^^^^^^^^^^^^^^^^^^^^^^^^^^^^^^^^
  File "/workspace/scratch/e2e4042ea5fd/work/intune-iac/intune_iac/graph.py", line 85, in _policy_inventory_complete
    from reference.validation import capture_errors
  File "/workspace/scratch/e2e4042ea5fd/work/intune-iac/reference/validation.py", line 12, in <module>
    from jsonschema import Draft202012Validator, FormatChecker
ModuleNotFoundError: No module named 'jsonschema'

======================================================================
ERROR: test_nonstring_keys_cannot_disappear_before_import_or_dependency_validation (test_atmos_audit.AtmosAuditTests.test_nonstring_keys_cannot_disappear_before_import_or_dependency_validation) (extra_key='1')
----------------------------------------------------------------------
Traceback (most recent call last):
  File "/workspace/scratch/e2e4042ea5fd/work/intune-iac/plugin_tests/test_atmos_audit.py", line 82, in test_nonstring_keys_cannot_disappear_before_import_or_dependency_validation
    graph = self.graph()
            ^^^^^^^^^^^^
  File "/workspace/scratch/e2e4042ea5fd/work/intune-iac/plugin_tests/test_atmos_audit.py", line 30, in graph
    return build_graph(self.put('source.json', json.dumps(self.source)), atmos_root=self.root)
           ^^^^^^^^^^^^^^^^^^^^^^^^^^^^^^^^^^^^^^^^^^^^^^^^^^^^^^^^^^^^^^^^^^^^^^^^^^^^^^^^^^^
  File "/workspace/scratch/e2e4042ea5fd/work/intune-iac/intune_iac/graph.py", line 189, in build_graph
    inventory_complete = len(inventory)==1 and _policy_inventory_complete(inventory[0][1], production_capture)
                                               ^^^^^^^^^^^^^^^^^^^^^^^^^^^^^^^^^^^^^^^^^^^^^^^^^^^^^^^^^^^^^^^
  File "/workspace/scratch/e2e4042ea5fd/work/intune-iac/intune_iac/graph.py", line 85, in _policy_inventory_complete
    from reference.validation import capture_errors
  File "/workspace/scratch/e2e4042ea5fd/work/intune-iac/reference/validation.py", line 12, in <module>
    from jsonschema import Draft202012Validator, FormatChecker
ModuleNotFoundError: No module named 'jsonschema'

======================================================================
ERROR: test_nonstring_keys_cannot_disappear_before_import_or_dependency_validation (test_atmos_audit.AtmosAuditTests.test_nonstring_keys_cannot_disappear_before_import_or_dependency_validation) (extra_key='true')
----------------------------------------------------------------------
Traceback (most recent call last):
  File "/workspace/scratch/e2e4042ea5fd/work/intune-iac/plugin_tests/test_atmos_audit.py", line 82, in test_nonstring_keys_cannot_disappear_before_import_or_dependency_validation
    graph = self.graph()
            ^^^^^^^^^^^^
  File "/workspace/scratch/e2e4042ea5fd/work/intune-iac/plugin_tests/test_atmos_audit.py", line 30, in graph
    return build_graph(self.put('source.json', json.dumps(self.source)), atmos_root=self.root)
           ^^^^^^^^^^^^^^^^^^^^^^^^^^^^^^^^^^^^^^^^^^^^^^^^^^^^^^^^^^^^^^^^^^^^^^^^^^^^^^^^^^^
  File "/workspace/scratch/e2e4042ea5fd/work/intune-iac/intune_iac/graph.py", line 189, in build_graph
    inventory_complete = len(inventory)==1 and _policy_inventory_complete(inventory[0][1], production_capture)
                                               ^^^^^^^^^^^^^^^^^^^^^^^^^^^^^^^^^^^^^^^^^^^^^^^^^^^^^^^^^^^^^^^
  File "/workspace/scratch/e2e4042ea5fd/work/intune-iac/intune_iac/graph.py", line 85, in _policy_inventory_complete
    from reference.validation import capture_errors
  File "/workspace/scratch/e2e4042ea5fd/work/intune-iac/reference/validation.py", line 12, in <module>
    from jsonschema import Draft202012Validator, FormatChecker
ModuleNotFoundError: No module named 'jsonschema'

======================================================================
ERROR: test_nonstring_keys_cannot_disappear_before_import_or_dependency_validation (test_atmos_audit.AtmosAuditTests.test_nonstring_keys_cannot_disappear_before_import_or_dependency_validation) (extra_key='? [a, b]')
----------------------------------------------------------------------
Traceback (most recent call last):
  File "/workspace/scratch/e2e4042ea5fd/work/intune-iac/plugin_tests/test_atmos_audit.py", line 82, in test_nonstring_keys_cannot_disappear_before_import_or_dependency_validation
    graph = self.graph()
            ^^^^^^^^^^^^
  File "/workspace/scratch/e2e4042ea5fd/work/intune-iac/plugin_tests/test_atmos_audit.py", line 30, in graph
    return build_graph(self.put('source.json', json.dumps(self.source)), atmos_root=self.root)
           ^^^^^^^^^^^^^^^^^^^^^^^^^^^^^^^^^^^^^^^^^^^^^^^^^^^^^^^^^^^^^^^^^^^^^^^^^^^^^^^^^^^
  File "/workspace/scratch/e2e4042ea5fd/work/intune-iac/intune_iac/graph.py", line 189, in build_graph
    inventory_complete = len(inventory)==1 and _policy_inventory_complete(inventory[0][1], production_capture)
                                               ^^^^^^^^^^^^^^^^^^^^^^^^^^^^^^^^^^^^^^^^^^^^^^^^^^^^^^^^^^^^^^^
  File "/workspace/scratch/e2e4042ea5fd/work/intune-iac/intune_iac/graph.py", line 85, in _policy_inventory_complete
    from reference.validation import capture_errors
  File "/workspace/scratch/e2e4042ea5fd/work/intune-iac/reference/validation.py", line 12, in <module>
    from jsonschema import Draft202012Validator, FormatChecker
ModuleNotFoundError: No module named 'jsonschema'

======================================================================
ERROR: test_opaque_production_assignment_key_is_preserved (test_atmos_audit.AtmosAuditTests.test_opaque_production_assignment_key_is_preserved)
----------------------------------------------------------------------
Traceback (most recent call last):
  File "/workspace/scratch/e2e4042ea5fd/work/intune-iac/plugin_tests/test_atmos_audit.py", line 144, in test_opaque_production_assignment_key_is_preserved
    graph = build_graph(self.put('source.json', json.dumps(source)))
            ^^^^^^^^^^^^^^^^^^^^^^^^^^^^^^^^^^^^^^^^^^^^^^^^^^^^^^^^
  File "/workspace/scratch/e2e4042ea5fd/work/intune-iac/intune_iac/graph.py", line 189, in build_graph
    inventory_complete = len(inventory)==1 and _policy_inventory_complete(inventory[0][1], production_capture)
                                               ^^^^^^^^^^^^^^^^^^^^^^^^^^^^^^^^^^^^^^^^^^^^^^^^^^^^^^^^^^^^^^^
  File "/workspace/scratch/e2e4042ea5fd/work/intune-iac/intune_iac/graph.py", line 85, in _policy_inventory_complete
    from reference.validation import capture_errors
  File "/workspace/scratch/e2e4042ea5fd/work/intune-iac/reference/validation.py", line 12, in <module>
    from jsonschema import Draft202012Validator, FormatChecker
ModuleNotFoundError: No module named 'jsonschema'

======================================================================
ERROR: test_policy_inventory_count_mismatch_is_unknown_for_both_source_adapters (test_atmos_audit.AtmosAuditTests.test_policy_inventory_count_mismatch_is_unknown_for_both_source_adapters) (production=False)
----------------------------------------------------------------------
Traceback (most recent call last):
  File "/workspace/scratch/e2e4042ea5fd/work/intune-iac/plugin_tests/test_atmos_audit.py", line 107, in test_policy_inventory_count_mismatch_is_unknown_for_both_source_adapters
    graph = build_graph(self.put('source.json', json.dumps(source)))
            ^^^^^^^^^^^^^^^^^^^^^^^^^^^^^^^^^^^^^^^^^^^^^^^^^^^^^^^^
  File "/workspace/scratch/e2e4042ea5fd/work/intune-iac/intune_iac/graph.py", line 189, in build_graph
    inventory_complete = len(inventory)==1 and _policy_inventory_complete(inventory[0][1], production_capture)
                                               ^^^^^^^^^^^^^^^^^^^^^^^^^^^^^^^^^^^^^^^^^^^^^^^^^^^^^^^^^^^^^^^
  File "/workspace/scratch/e2e4042ea5fd/work/intune-iac/intune_iac/graph.py", line 85, in _policy_inventory_complete
    from reference.validation import capture_errors
  File "/workspace/scratch/e2e4042ea5fd/work/intune-iac/reference/validation.py", line 12, in <module>
    from jsonschema import Draft202012Validator, FormatChecker
ModuleNotFoundError: No module named 'jsonschema'

======================================================================
ERROR: test_policy_inventory_count_mismatch_is_unknown_for_both_source_adapters (test_atmos_audit.AtmosAuditTests.test_policy_inventory_count_mismatch_is_unknown_for_both_source_adapters) (production=True)
----------------------------------------------------------------------
Traceback (most recent call last):
  File "/workspace/scratch/e2e4042ea5fd/work/intune-iac/plugin_tests/test_atmos_audit.py", line 107, in test_policy_inventory_count_mismatch_is_unknown_for_both_source_adapters
    graph = build_graph(self.put('source.json', json.dumps(source)))
            ^^^^^^^^^^^^^^^^^^^^^^^^^^^^^^^^^^^^^^^^^^^^^^^^^^^^^^^^
  File "/workspace/scratch/e2e4042ea5fd/work/intune-iac/intune_iac/graph.py", line 189, in build_graph
    inventory_complete = len(inventory)==1 and _policy_inventory_complete(inventory[0][1], production_capture)
                                               ^^^^^^^^^^^^^^^^^^^^^^^^^^^^^^^^^^^^^^^^^^^^^^^^^^^^^^^^^^^^^^^
  File "/workspace/scratch/e2e4042ea5fd/work/intune-iac/intune_iac/graph.py", line 85, in _policy_inventory_complete
    from reference.validation import capture_errors
  File "/workspace/scratch/e2e4042ea5fd/work/intune-iac/reference/validation.py", line 12, in <module>
    from jsonschema import Draft202012Validator, FormatChecker
ModuleNotFoundError: No module named 'jsonschema'

======================================================================
ERROR: test_production_policy_pagination_honors_full_returned_links_and_boundaries (test_atmos_audit.AtmosAuditTests.test_production_policy_pagination_honors_full_returned_links_and_boundaries) (mutation='none')
----------------------------------------------------------------------
Traceback (most recent call last):
  File "/workspace/scratch/e2e4042ea5fd/work/intune-iac/plugin_tests/test_atmos_audit.py", line 171, in test_production_policy_pagination_honors_full_returned_links_and_boundaries
    graph = build_graph(self.put('source.json', json.dumps(candidate)))
            ^^^^^^^^^^^^^^^^^^^^^^^^^^^^^^^^^^^^^^^^^^^^^^^^^^^^^^^^^^^
  File "/workspace/scratch/e2e4042ea5fd/work/intune-iac/intune_iac/graph.py", line 189, in build_graph
    inventory_complete = len(inventory)==1 and _policy_inventory_complete(inventory[0][1], production_capture)
                                               ^^^^^^^^^^^^^^^^^^^^^^^^^^^^^^^^^^^^^^^^^^^^^^^^^^^^^^^^^^^^^^^
  File "/workspace/scratch/e2e4042ea5fd/work/intune-iac/intune_iac/graph.py", line 85, in _policy_inventory_complete
    from reference.validation import capture_errors
  File "/workspace/scratch/e2e4042ea5fd/work/intune-iac/reference/validation.py", line 12, in <module>
    from jsonschema import Draft202012Validator, FormatChecker
ModuleNotFoundError: No module named 'jsonschema'

======================================================================
ERROR: test_production_policy_pagination_honors_full_returned_links_and_boundaries (test_atmos_audit.AtmosAuditTests.test_production_policy_pagination_honors_full_returned_links_and_boundaries) (mutation='root_query')
----------------------------------------------------------------------
Traceback (most recent call last):
  File "/workspace/scratch/e2e4042ea5fd/work/intune-iac/plugin_tests/test_atmos_audit.py", line 171, in test_production_policy_pagination_honors_full_returned_links_and_boundaries
    graph = build_graph(self.put('source.json', json.dumps(candidate)))
            ^^^^^^^^^^^^^^^^^^^^^^^^^^^^^^^^^^^^^^^^^^^^^^^^^^^^^^^^^^^
  File "/workspace/scratch/e2e4042ea5fd/work/intune-iac/intune_iac/graph.py", line 189, in build_graph
    inventory_complete = len(inventory)==1 and _policy_inventory_complete(inventory[0][1], production_capture)
                                               ^^^^^^^^^^^^^^^^^^^^^^^^^^^^^^^^^^^^^^^^^^^^^^^^^^^^^^^^^^^^^^^
  File "/workspace/scratch/e2e4042ea5fd/work/intune-iac/intune_iac/graph.py", line 85, in _policy_inventory_complete
    from reference.validation import capture_errors
  File "/workspace/scratch/e2e4042ea5fd/work/intune-iac/reference/validation.py", line 12, in <module>
    from jsonschema import Draft202012Validator, FormatChecker
ModuleNotFoundError: No module named 'jsonschema'

======================================================================
ERROR: test_production_policy_pagination_honors_full_returned_links_and_boundaries (test_atmos_audit.AtmosAuditTests.test_production_policy_pagination_honors_full_returned_links_and_boundaries) (mutation='lost_query')
----------------------------------------------------------------------
Traceback (most recent call last):
  File "/workspace/scratch/e2e4042ea5fd/work/intune-iac/plugin_tests/test_atmos_audit.py", line 171, in test_production_policy_pagination_honors_full_returned_links_and_boundaries
    graph = build_graph(self.put('source.json', json.dumps(candidate)))
            ^^^^^^^^^^^^^^^^^^^^^^^^^^^^^^^^^^^^^^^^^^^^^^^^^^^^^^^^^^^
  File "/workspace/scratch/e2e4042ea5fd/work/intune-iac/intune_iac/graph.py", line 189, in build_graph
    inventory_complete = len(inventory)==1 and _policy_inventory_complete(inventory[0][1], production_capture)
                                               ^^^^^^^^^^^^^^^^^^^^^^^^^^^^^^^^^^^^^^^^^^^^^^^^^^^^^^^^^^^^^^^
  File "/workspace/scratch/e2e4042ea5fd/work/intune-iac/intune_iac/graph.py", line 85, in _policy_inventory_complete
    from reference.validation import capture_errors
  File "/workspace/scratch/e2e4042ea5fd/work/intune-iac/reference/validation.py", line 12, in <module>
    from jsonschema import Draft202012Validator, FormatChecker
ModuleNotFoundError: No module named 'jsonschema'

======================================================================
ERROR: test_production_policy_pagination_honors_full_returned_links_and_boundaries (test_atmos_audit.AtmosAuditTests.test_production_policy_pagination_honors_full_returned_links_and_boundaries) (mutation='wrong_origin')
----------------------------------------------------------------------
Traceback (most recent call last):
  File "/workspace/scratch/e2e4042ea5fd/work/intune-iac/plugin_tests/test_atmos_audit.py", line 171, in test_production_policy_pagination_honors_full_returned_links_and_boundaries
    graph = build_graph(self.put('source.json', json.dumps(candidate)))
            ^^^^^^^^^^^^^^^^^^^^^^^^^^^^^^^^^^^^^^^^^^^^^^^^^^^^^^^^^^^
  File "/workspace/scratch/e2e4042ea5fd/work/intune-iac/intune_iac/graph.py", line 189, in build_graph
    inventory_complete = len(inventory)==1 and _policy_inventory_complete(inventory[0][1], production_capture)
                                               ^^^^^^^^^^^^^^^^^^^^^^^^^^^^^^^^^^^^^^^^^^^^^^^^^^^^^^^^^^^^^^^
  File "/workspace/scratch/e2e4042ea5fd/work/intune-iac/intune_iac/graph.py", line 85, in _policy_inventory_complete
    from reference.validation import capture_errors
  File "/workspace/scratch/e2e4042ea5fd/work/intune-iac/reference/validation.py", line 12, in <module>
    from jsonschema import Draft202012Validator, FormatChecker
ModuleNotFoundError: No module named 'jsonschema'

======================================================================
ERROR: test_production_policy_pagination_honors_full_returned_links_and_boundaries (test_atmos_audit.AtmosAuditTests.test_production_policy_pagination_honors_full_returned_links_and_boundaries) (mutation='wrong_path')
----------------------------------------------------------------------
Traceback (most recent call last):
  File "/workspace/scratch/e2e4042ea5fd/work/intune-iac/plugin_tests/test_atmos_audit.py", line 171, in test_production_policy_pagination_honors_full_returned_links_and_boundaries
    graph = build_graph(self.put('source.json', json.dumps(candidate)))
            ^^^^^^^^^^^^^^^^^^^^^^^^^^^^^^^^^^^^^^^^^^^^^^^^^^^^^^^^^^^
  File "/workspace/scratch/e2e4042ea5fd/work/intune-iac/intune_iac/graph.py", line 189, in build_graph
    inventory_complete = len(inventory)==1 and _policy_inventory_complete(inventory[0][1], production_capture)
                                               ^^^^^^^^^^^^^^^^^^^^^^^^^^^^^^^^^^^^^^^^^^^^^^^^^^^^^^^^^^^^^^^
  File "/workspace/scratch/e2e4042ea5fd/work/intune-iac/intune_iac/graph.py", line 85, in _policy_inventory_complete
    from reference.validation import capture_errors
  File "/workspace/scratch/e2e4042ea5fd/work/intune-iac/reference/validation.py", line 12, in <module>
    from jsonschema import Draft202012Validator, FormatChecker
ModuleNotFoundError: No module named 'jsonschema'

======================================================================
ERROR: test_production_policy_pagination_honors_full_returned_links_and_boundaries (test_atmos_audit.AtmosAuditTests.test_production_policy_pagination_honors_full_returned_links_and_boundaries) (mutation='count')
----------------------------------------------------------------------
Traceback (most recent call last):
  File "/workspace/scratch/e2e4042ea5fd/work/intune-iac/plugin_tests/test_atmos_audit.py", line 171, in test_production_policy_pagination_honors_full_returned_links_and_boundaries
    graph = build_graph(self.put('source.json', json.dumps(candidate)))
            ^^^^^^^^^^^^^^^^^^^^^^^^^^^^^^^^^^^^^^^^^^^^^^^^^^^^^^^^^^^
  File "/workspace/scratch/e2e4042ea5fd/work/intune-iac/intune_iac/graph.py", line 189, in build_graph
    inventory_complete = len(inventory)==1 and _policy_inventory_complete(inventory[0][1], production_capture)
                                               ^^^^^^^^^^^^^^^^^^^^^^^^^^^^^^^^^^^^^^^^^^^^^^^^^^^^^^^^^^^^^^^
  File "/workspace/scratch/e2e4042ea5fd/work/intune-iac/intune_iac/graph.py", line 85, in _policy_inventory_complete
    from reference.validation import capture_errors
  File "/workspace/scratch/e2e4042ea5fd/work/intune-iac/reference/validation.py", line 12, in <module>
    from jsonschema import Draft202012Validator, FormatChecker
ModuleNotFoundError: No module named 'jsonschema'

======================================================================
ERROR: test_production_policy_pagination_honors_full_returned_links_and_boundaries (test_atmos_audit.AtmosAuditTests.test_production_policy_pagination_honors_full_returned_links_and_boundaries) (mutation='duplicate')
----------------------------------------------------------------------
Traceback (most recent call last):
  File "/workspace/scratch/e2e4042ea5fd/work/intune-iac/plugin_tests/test_atmos_audit.py", line 171, in test_production_policy_pagination_honors_full_returned_links_and_boundaries
    graph = build_graph(self.put('source.json', json.dumps(candidate)))
            ^^^^^^^^^^^^^^^^^^^^^^^^^^^^^^^^^^^^^^^^^^^^^^^^^^^^^^^^^^^
  File "/workspace/scratch/e2e4042ea5fd/work/intune-iac/intune_iac/graph.py", line 189, in build_graph
    inventory_complete = len(inventory)==1 and _policy_inventory_complete(inventory[0][1], production_capture)
                                               ^^^^^^^^^^^^^^^^^^^^^^^^^^^^^^^^^^^^^^^^^^^^^^^^^^^^^^^^^^^^^^^
  File "/workspace/scratch/e2e4042ea5fd/work/intune-iac/intune_iac/graph.py", line 85, in _policy_inventory_complete
    from reference.validation import capture_errors
  File "/workspace/scratch/e2e4042ea5fd/work/intune-iac/reference/validation.py", line 12, in <module>
    from jsonschema import Draft202012Validator, FormatChecker
ModuleNotFoundError: No module named 'jsonschema'

======================================================================
ERROR: test_production_policy_pagination_honors_full_returned_links_and_boundaries (test_atmos_audit.AtmosAuditTests.test_production_policy_pagination_honors_full_returned_links_and_boundaries)
----------------------------------------------------------------------
Traceback (most recent call last):
  File "/workspace/scratch/e2e4042ea5fd/work/intune-iac/plugin_tests/test_atmos_audit.py", line 178, in test_production_policy_pagination_honors_full_returned_links_and_boundaries
    graph = build_graph(self.put('source.json', json.dumps(source)))
            ^^^^^^^^^^^^^^^^^^^^^^^^^^^^^^^^^^^^^^^^^^^^^^^^^^^^^^^^
  File "/workspace/scratch/e2e4042ea5fd/work/intune-iac/intune_iac/graph.py", line 189, in build_graph
    inventory_complete = len(inventory)==1 and _policy_inventory_complete(inventory[0][1], production_capture)
                                               ^^^^^^^^^^^^^^^^^^^^^^^^^^^^^^^^^^^^^^^^^^^^^^^^^^^^^^^^^^^^^^^
  File "/workspace/scratch/e2e4042ea5fd/work/intune-iac/intune_iac/graph.py", line 85, in _policy_inventory_complete
    from reference.validation import capture_errors
  File "/workspace/scratch/e2e4042ea5fd/work/intune-iac/reference/validation.py", line 12, in <module>
    from jsonschema import Draft202012Validator, FormatChecker
ModuleNotFoundError: No module named 'jsonschema'

======================================================================
ERROR: test_recomputed_digest_does_not_accept_contradictory_assignment_relationships (test_atmos_audit.AtmosAuditTests.test_recomputed_digest_does_not_accept_contradictory_assignment_relationships)
----------------------------------------------------------------------
Traceback (most recent call last):
  File "/workspace/scratch/e2e4042ea5fd/work/intune-iac/plugin_tests/test_atmos_audit.py", line 183, in test_recomputed_digest_does_not_accept_contradictory_assignment_relationships
    original = build_graph(self.put('source.json', json.dumps(self.source)))
               ^^^^^^^^^^^^^^^^^^^^^^^^^^^^^^^^^^^^^^^^^^^^^^^^^^^^^^^^^^^^^
  File "/workspace/scratch/e2e4042ea5fd/work/intune-iac/intune_iac/graph.py", line 189, in build_graph
    inventory_complete = len(inventory)==1 and _policy_inventory_complete(inventory[0][1], production_capture)
                                               ^^^^^^^^^^^^^^^^^^^^^^^^^^^^^^^^^^^^^^^^^^^^^^^^^^^^^^^^^^^^^^^
  File "/workspace/scratch/e2e4042ea5fd/work/intune-iac/intune_iac/graph.py", line 85, in _policy_inventory_complete
    from reference.validation import capture_errors
  File "/workspace/scratch/e2e4042ea5fd/work/intune-iac/reference/validation.py", line 12, in <module>
    from jsonschema import Draft202012Validator, FormatChecker
ModuleNotFoundError: No module named 'jsonschema'

======================================================================
ERROR: test_unknown_dependency_selector_fields_never_resolve_same_manifest_target (test_atmos_audit.AtmosAuditTests.test_unknown_dependency_selector_fields_never_resolve_same_manifest_target)
----------------------------------------------------------------------
Traceback (most recent call last):
  File "/workspace/scratch/e2e4042ea5fd/work/intune-iac/plugin_tests/test_atmos_audit.py", line 71, in test_unknown_dependency_selector_fields_never_resolve_same_manifest_target
    result = query_graph(self.graph(), 'dependencies')
                         ^^^^^^^^^^^^
  File "/workspace/scratch/e2e4042ea5fd/work/intune-iac/plugin_tests/test_atmos_audit.py", line 30, in graph
    return build_graph(self.put('source.json', json.dumps(self.source)), atmos_root=self.root)
           ^^^^^^^^^^^^^^^^^^^^^^^^^^^^^^^^^^^^^^^^^^^^^^^^^^^^^^^^^^^^^^^^^^^^^^^^^^^^^^^^^^^
  File "/workspace/scratch/e2e4042ea5fd/work/intune-iac/intune_iac/graph.py", line 189, in build_graph
    inventory_complete = len(inventory)==1 and _policy_inventory_complete(inventory[0][1], production_capture)
                                               ^^^^^^^^^^^^^^^^^^^^^^^^^^^^^^^^^^^^^^^^^^^^^^^^^^^^^^^^^^^^^^^
  File "/workspace/scratch/e2e4042ea5fd/work/intune-iac/intune_iac/graph.py", line 85, in _policy_inventory_complete
    from reference.validation import capture_errors
  File "/workspace/scratch/e2e4042ea5fd/work/intune-iac/reference/validation.py", line 12, in <module>
    from jsonschema import Draft202012Validator, FormatChecker
ModuleNotFoundError: No module named 'jsonschema'

======================================================================
ERROR: test_unresolved_dependency_declaration_is_visible_in_fixed_query (test_atmos_audit.AtmosAuditTests.test_unresolved_dependency_declaration_is_visible_in_fixed_query)
----------------------------------------------------------------------
Traceback (most recent call last):
  File "/workspace/scratch/e2e4042ea5fd/work/intune-iac/plugin_tests/test_atmos_audit.py", line 62, in test_unresolved_dependency_declaration_is_visible_in_fixed_query
    result = query_graph(self.graph(), 'dependencies')
                         ^^^^^^^^^^^^
  File "/workspace/scratch/e2e4042ea5fd/work/intune-iac/plugin_tests/test_atmos_audit.py", line 30, in graph
    return build_graph(self.put('source.json', json.dumps(self.source)), atmos_root=self.root)
           ^^^^^^^^^^^^^^^^^^^^^^^^^^^^^^^^^^^^^^^^^^^^^^^^^^^^^^^^^^^^^^^^^^^^^^^^^^^^^^^^^^^
  File "/workspace/scratch/e2e4042ea5fd/work/intune-iac/intune_iac/graph.py", line 189, in build_graph
    inventory_complete = len(inventory)==1 and _policy_inventory_complete(inventory[0][1], production_capture)
                                               ^^^^^^^^^^^^^^^^^^^^^^^^^^^^^^^^^^^^^^^^^^^^^^^^^^^^^^^^^^^^^^^
  File "/workspace/scratch/e2e4042ea5fd/work/intune-iac/intune_iac/graph.py", line 85, in _policy_inventory_complete
    from reference.validation import capture_errors
  File "/workspace/scratch/e2e4042ea5fd/work/intune-iac/reference/validation.py", line 12, in <module>
    from jsonschema import Draft202012Validator, FormatChecker
ModuleNotFoundError: No module named 'jsonschema'

======================================================================
ERROR: test_real_shaped_capture_drives_engine_review_without_claiming_mapping (test_capture.CaptureTests.test_real_shaped_capture_drives_engine_review_without_claiming_mapping)
----------------------------------------------------------------------
Traceback (most recent call last):
  File "/workspace/scratch/e2e4042ea5fd/work/intune-iac/plugin_tests/test_capture.py", line 255, in test_real_shaped_capture_drives_engine_review_without_claiming_mapping
    review = inspect_source(result['export'], result['context'])
             ^^^^^^^^^^^^^^^^^^^^^^^^^^^^^^^^^^^^^^^^^^^^^^^^^^^
  File "/workspace/scratch/e2e4042ea5fd/work/intune-iac/intune_iac/engine.py", line 39, in inspect_source
    raw, context_raw, source, context, normalized = _prepare(input_path, context_path)
                                                    ^^^^^^^^^^^^^^^^^^^^^^^^^^^^^^^^^^
  File "/workspace/scratch/e2e4042ea5fd/work/intune-iac/intune_iac/engine.py", line 14, in _prepare
    from reference.validation import schema_errors
  File "/workspace/scratch/e2e4042ea5fd/work/intune-iac/reference/validation.py", line 12, in <module>
    from jsonschema import Draft202012Validator, FormatChecker
ModuleNotFoundError: No module named 'jsonschema'

======================================================================
ERROR: test_coverage_claim_identity_is_unique_even_if_status_agrees (test_edge_input_audit.EdgeInputAuditTests.test_coverage_claim_identity_is_unique_even_if_status_agrees) (status='complete')
----------------------------------------------------------------------
Traceback (most recent call last):
  File "/workspace/scratch/e2e4042ea5fd/work/intune-iac/plugin_tests/test_edge_input_audit.py", line 35, in test_coverage_claim_identity_is_unique_even_if_status_agrees
    graph = self.graph()
            ^^^^^^^^^^^^
  File "/workspace/scratch/e2e4042ea5fd/work/intune-iac/plugin_tests/test_edge_input_audit.py", line 18, in graph
    return build_graph(ROOT / 'examples/supported/input/export.json')
           ^^^^^^^^^^^^^^^^^^^^^^^^^^^^^^^^^^^^^^^^^^^^^^^^^^^^^^^^^^
  File "/workspace/scratch/e2e4042ea5fd/work/intune-iac/intune_iac/graph.py", line 189, in build_graph
    inventory_complete = len(inventory)==1 and _policy_inventory_complete(inventory[0][1], production_capture)
                                               ^^^^^^^^^^^^^^^^^^^^^^^^^^^^^^^^^^^^^^^^^^^^^^^^^^^^^^^^^^^^^^^
  File "/workspace/scratch/e2e4042ea5fd/work/intune-iac/intune_iac/graph.py", line 85, in _policy_inventory_complete
    from reference.validation import capture_errors
  File "/workspace/scratch/e2e4042ea5fd/work/intune-iac/reference/validation.py", line 12, in <module>
    from jsonschema import Draft202012Validator, FormatChecker
ModuleNotFoundError: No module named 'jsonschema'

======================================================================
ERROR: test_coverage_claim_identity_is_unique_even_if_status_agrees (test_edge_input_audit.EdgeInputAuditTests.test_coverage_claim_identity_is_unique_even_if_status_agrees) (status='unknown')
----------------------------------------------------------------------
Traceback (most recent call last):
  File "/workspace/scratch/e2e4042ea5fd/work/intune-iac/plugin_tests/test_edge_input_audit.py", line 35, in test_coverage_claim_identity_is_unique_even_if_status_agrees
    graph = self.graph()
            ^^^^^^^^^^^^
  File "/workspace/scratch/e2e4042ea5fd/work/intune-iac/plugin_tests/test_edge_input_audit.py", line 18, in graph
    return build_graph(ROOT / 'examples/supported/input/export.json')
           ^^^^^^^^^^^^^^^^^^^^^^^^^^^^^^^^^^^^^^^^^^^^^^^^^^^^^^^^^^
  File "/workspace/scratch/e2e4042ea5fd/work/intune-iac/intune_iac/graph.py", line 189, in build_graph
    inventory_complete = len(inventory)==1 and _policy_inventory_complete(inventory[0][1], production_capture)
                                               ^^^^^^^^^^^^^^^^^^^^^^^^^^^^^^^^^^^^^^^^^^^^^^^^^^^^^^^^^^^^^^^
  File "/workspace/scratch/e2e4042ea5fd/work/intune-iac/intune_iac/graph.py", line 85, in _policy_inventory_complete
    from reference.validation import capture_errors
  File "/workspace/scratch/e2e4042ea5fd/work/intune-iac/reference/validation.py", line 12, in <module>
    from jsonschema import Draft202012Validator, FormatChecker
ModuleNotFoundError: No module named 'jsonschema'

======================================================================
ERROR: test_coverage_subject_type_matches_aspect (test_edge_input_audit.EdgeInputAuditTests.test_coverage_subject_type_matches_aspect)
----------------------------------------------------------------------
Traceback (most recent call last):
  File "/workspace/scratch/e2e4042ea5fd/work/intune-iac/plugin_tests/test_edge_input_audit.py", line 42, in test_coverage_subject_type_matches_aspect
    graph = self.graph()
            ^^^^^^^^^^^^
  File "/workspace/scratch/e2e4042ea5fd/work/intune-iac/plugin_tests/test_edge_input_audit.py", line 18, in graph
    return build_graph(ROOT / 'examples/supported/input/export.json')
           ^^^^^^^^^^^^^^^^^^^^^^^^^^^^^^^^^^^^^^^^^^^^^^^^^^^^^^^^^^
  File "/workspace/scratch/e2e4042ea5fd/work/intune-iac/intune_iac/graph.py", line 189, in build_graph
    inventory_complete = len(inventory)==1 and _policy_inventory_complete(inventory[0][1], production_capture)
                                               ^^^^^^^^^^^^^^^^^^^^^^^^^^^^^^^^^^^^^^^^^^^^^^^^^^^^^^^^^^^^^^^
  File "/workspace/scratch/e2e4042ea5fd/work/intune-iac/intune_iac/graph.py", line 85, in _policy_inventory_complete
    from reference.validation import capture_errors
  File "/workspace/scratch/e2e4042ea5fd/work/intune-iac/reference/validation.py", line 12, in <module>
    from jsonschema import Draft202012Validator, FormatChecker
ModuleNotFoundError: No module named 'jsonschema'

======================================================================
ERROR: test_declared_atmos_coverage_remains_unknown (test_edge_input_audit.EdgeInputAuditTests.test_declared_atmos_coverage_remains_unknown)
----------------------------------------------------------------------
Traceback (most recent call last):
  File "/workspace/scratch/e2e4042ea5fd/work/intune-iac/plugin_tests/test_edge_input_audit.py", line 63, in test_declared_atmos_coverage_remains_unknown
    graph = build_graph(ROOT / 'examples/supported/input/export.json', atmos_root=root)
            ^^^^^^^^^^^^^^^^^^^^^^^^^^^^^^^^^^^^^^^^^^^^^^^^^^^^^^^^^^^^^^^^^^^^^^^^^^^
  File "/workspace/scratch/e2e4042ea5fd/work/intune-iac/intune_iac/graph.py", line 189, in build_graph
    inventory_complete = len(inventory)==1 and _policy_inventory_complete(inventory[0][1], production_capture)
                                               ^^^^^^^^^^^^^^^^^^^^^^^^^^^^^^^^^^^^^^^^^^^^^^^^^^^^^^^^^^^^^^^
  File "/workspace/scratch/e2e4042ea5fd/work/intune-iac/intune_iac/graph.py", line 85, in _policy_inventory_complete
    from reference.validation import capture_errors
  File "/workspace/scratch/e2e4042ea5fd/work/intune-iac/reference/validation.py", line 12, in <module>
    from jsonschema import Draft202012Validator, FormatChecker
ModuleNotFoundError: No module named 'jsonschema'

======================================================================
ERROR: test_distinct_edges_cannot_share_identity (test_edge_input_audit.EdgeInputAuditTests.test_distinct_edges_cannot_share_identity)
----------------------------------------------------------------------
Traceback (most recent call last):
  File "/workspace/scratch/e2e4042ea5fd/work/intune-iac/plugin_tests/test_edge_input_audit.py", line 28, in test_distinct_edges_cannot_share_identity
    graph = self.graph()
            ^^^^^^^^^^^^
  File "/workspace/scratch/e2e4042ea5fd/work/intune-iac/plugin_tests/test_edge_input_audit.py", line 18, in graph
    return build_graph(ROOT / 'examples/supported/input/export.json')
           ^^^^^^^^^^^^^^^^^^^^^^^^^^^^^^^^^^^^^^^^^^^^^^^^^^^^^^^^^^
  File "/workspace/scratch/e2e4042ea5fd/work/intune-iac/intune_iac/graph.py", line 189, in build_graph
    inventory_complete = len(inventory)==1 and _policy_inventory_complete(inventory[0][1], production_capture)
                                               ^^^^^^^^^^^^^^^^^^^^^^^^^^^^^^^^^^^^^^^^^^^^^^^^^^^^^^^^^^^^^^^
  File "/workspace/scratch/e2e4042ea5fd/work/intune-iac/intune_iac/graph.py", line 85, in _policy_inventory_complete
    from reference.validation import capture_errors
  File "/workspace/scratch/e2e4042ea5fd/work/intune-iac/reference/validation.py", line 12, in <module>
    from jsonschema import Draft202012Validator, FormatChecker
ModuleNotFoundError: No module named 'jsonschema'

======================================================================
ERROR: test_required_capture_coverage_cannot_disappear (test_edge_input_audit.EdgeInputAuditTests.test_required_capture_coverage_cannot_disappear)
----------------------------------------------------------------------
Traceback (most recent call last):
  File "/workspace/scratch/e2e4042ea5fd/work/intune-iac/plugin_tests/test_edge_input_audit.py", line 47, in test_required_capture_coverage_cannot_disappear
    graph = self.graph()
            ^^^^^^^^^^^^
  File "/workspace/scratch/e2e4042ea5fd/work/intune-iac/plugin_tests/test_edge_input_audit.py", line 18, in graph
    return build_graph(ROOT / 'examples/supported/input/export.json')
           ^^^^^^^^^^^^^^^^^^^^^^^^^^^^^^^^^^^^^^^^^^^^^^^^^^^^^^^^^^
  File "/workspace/scratch/e2e4042ea5fd/work/intune-iac/intune_iac/graph.py", line 189, in build_graph
    inventory_complete = len(inventory)==1 and _policy_inventory_complete(inventory[0][1], production_capture)
                                               ^^^^^^^^^^^^^^^^^^^^^^^^^^^^^^^^^^^^^^^^^^^^^^^^^^^^^^^^^^^^^^^
  File "/workspace/scratch/e2e4042ea5fd/work/intune-iac/intune_iac/graph.py", line 85, in _policy_inventory_complete
    from reference.validation import capture_errors
  File "/workspace/scratch/e2e4042ea5fd/work/intune-iac/reference/validation.py", line 12, in <module>
    from jsonschema import Draft202012Validator, FormatChecker
ModuleNotFoundError: No module named 'jsonschema'

======================================================================
ERROR: test_synthetic_oracle_distinguishes_boolean_and_integer (test_edge_input_audit.EdgeInputAuditTests.test_synthetic_oracle_distinguishes_boolean_and_integer)
----------------------------------------------------------------------
Traceback (most recent call last):
  File "/workspace/scratch/e2e4042ea5fd/work/intune-iac/plugin_tests/test_edge_input_audit.py", line 74, in test_synthetic_oracle_distinguishes_boolean_and_integer
    baseline = normalize(source, context['selected_policy_id'], context['tenant_id'])
               ^^^^^^^^^^^^^^^^^^^^^^^^^^^^^^^^^^^^^^^^^^^^^^^^^^^^^^^^^^^^^^^^^^^^^^
  File "/workspace/scratch/e2e4042ea5fd/work/intune-iac/reference/core.py", line 135, in normalize
    from .validation import schema_errors, provider_settings, capability_errors, capture_errors, reference_errors
  File "/workspace/scratch/e2e4042ea5fd/work/intune-iac/reference/validation.py", line 12, in <module>
    from jsonschema import Draft202012Validator, FormatChecker
ModuleNotFoundError: No module named 'jsonschema'

======================================================================
ERROR: test_valid_complete_and_denied_graphs_preserve_unknown (test_edge_input_audit.EdgeInputAuditTests.test_valid_complete_and_denied_graphs_preserve_unknown) (fixture='supported')
----------------------------------------------------------------------
Traceback (most recent call last):
  File "/workspace/scratch/e2e4042ea5fd/work/intune-iac/plugin_tests/test_edge_input_audit.py", line 54, in test_valid_complete_and_denied_graphs_preserve_unknown
    graph = build_graph(ROOT / 'examples' / fixture / 'input/export.json')
            ^^^^^^^^^^^^^^^^^^^^^^^^^^^^^^^^^^^^^^^^^^^^^^^^^^^^^^^^^^^^^^
  File "/workspace/scratch/e2e4042ea5fd/work/intune-iac/intune_iac/graph.py", line 189, in build_graph
    inventory_complete = len(inventory)==1 and _policy_inventory_complete(inventory[0][1], production_capture)
                                               ^^^^^^^^^^^^^^^^^^^^^^^^^^^^^^^^^^^^^^^^^^^^^^^^^^^^^^^^^^^^^^^
  File "/workspace/scratch/e2e4042ea5fd/work/intune-iac/intune_iac/graph.py", line 85, in _policy_inventory_complete
    from reference.validation import capture_errors
  File "/workspace/scratch/e2e4042ea5fd/work/intune-iac/reference/validation.py", line 12, in <module>
    from jsonschema import Draft202012Validator, FormatChecker
ModuleNotFoundError: No module named 'jsonschema'

======================================================================
ERROR: test_valid_complete_and_denied_graphs_preserve_unknown (test_edge_input_audit.EdgeInputAuditTests.test_valid_complete_and_denied_graphs_preserve_unknown) (fixture='access-denied')
----------------------------------------------------------------------
Traceback (most recent call last):
  File "/workspace/scratch/e2e4042ea5fd/work/intune-iac/plugin_tests/test_edge_input_audit.py", line 54, in test_valid_complete_and_denied_graphs_preserve_unknown
    graph = build_graph(ROOT / 'examples' / fixture / 'input/export.json')
            ^^^^^^^^^^^^^^^^^^^^^^^^^^^^^^^^^^^^^^^^^^^^^^^^^^^^^^^^^^^^^^
  File "/workspace/scratch/e2e4042ea5fd/work/intune-iac/intune_iac/graph.py", line 189, in build_graph
    inventory_complete = len(inventory)==1 and _policy_inventory_complete(inventory[0][1], production_capture)
                                               ^^^^^^^^^^^^^^^^^^^^^^^^^^^^^^^^^^^^^^^^^^^^^^^^^^^^^^^^^^^^^^^
  File "/workspace/scratch/e2e4042ea5fd/work/intune-iac/intune_iac/graph.py", line 85, in _policy_inventory_complete
    from reference.validation import capture_errors
  File "/workspace/scratch/e2e4042ea5fd/work/intune-iac/reference/validation.py", line 12, in <module>
    from jsonschema import Draft202012Validator, FormatChecker
ModuleNotFoundError: No module named 'jsonschema'

======================================================================
ERROR: test_lock_substitution_before_generate_prevents_output (test_edge_workflow_audit.WorkflowBoundaryTests.test_lock_substitution_before_generate_prevents_output)
----------------------------------------------------------------------
Traceback (most recent call last):
  File "/workspace/scratch/e2e4042ea5fd/work/intune-iac/plugin_tests/test_edge_workflow_audit.py", line 57, in test_lock_substitution_before_generate_prevents_output
    answer = self.run_flow(reader)
             ^^^^^^^^^^^^^^^^^^^^^
  File "/workspace/scratch/e2e4042ea5fd/work/intune-iac/plugin_tests/test_edge_workflow_audit.py", line 28, in run_flow
    return workflow.run_guided_workflow(self.session, self.source, self.context,
           ^^^^^^^^^^^^^^^^^^^^^^^^^^^^^^^^^^^^^^^^^^^^^^^^^^^^^^^^^^^^^^^^^^^^^
  File "/workspace/scratch/e2e4042ea5fd/work/intune-iac/intune_iac/workflow.py", line 494, in run_guided_workflow
    return _guide(session_path, state, input_fn, output_fn, fresh, guard)
           ^^^^^^^^^^^^^^^^^^^^^^^^^^^^^^^^^^^^^^^^^^^^^^^^^^^^^^^^^^^^^^
  File "/workspace/scratch/e2e4042ea5fd/work/intune-iac/intune_iac/workflow.py", line 333, in _guide
    observed = _observe(session_path, state)
               ^^^^^^^^^^^^^^^^^^^^^^^^^^^^^
  File "/workspace/scratch/e2e4042ea5fd/work/intune-iac/intune_iac/workflow.py", line 137, in _observe
    from reference.validation import schema_errors
  File "/workspace/scratch/e2e4042ea5fd/work/intune-iac/reference/validation.py", line 12, in <module>
    from jsonschema import Draft202012Validator, FormatChecker
ModuleNotFoundError: No module named 'jsonschema'

======================================================================
ERROR: test_normal_owned_lock_is_removed_on_save (test_edge_workflow_audit.WorkflowBoundaryTests.test_normal_owned_lock_is_removed_on_save)
----------------------------------------------------------------------
Traceback (most recent call last):
  File "/workspace/scratch/e2e4042ea5fd/work/intune-iac/plugin_tests/test_edge_workflow_audit.py", line 32, in test_normal_owned_lock_is_removed_on_save
    result = self.run_flow(lambda _: 'save')
             ^^^^^^^^^^^^^^^^^^^^^^^^^^^^^^^
  File "/workspace/scratch/e2e4042ea5fd/work/intune-iac/plugin_tests/test_edge_workflow_audit.py", line 28, in run_flow
    return workflow.run_guided_workflow(self.session, self.source, self.context,
           ^^^^^^^^^^^^^^^^^^^^^^^^^^^^^^^^^^^^^^^^^^^^^^^^^^^^^^^^^^^^^^^^^^^^^
  File "/workspace/scratch/e2e4042ea5fd/work/intune-iac/intune_iac/workflow.py", line 494, in run_guided_workflow
    return _guide(session_path, state, input_fn, output_fn, fresh, guard)
           ^^^^^^^^^^^^^^^^^^^^^^^^^^^^^^^^^^^^^^^^^^^^^^^^^^^^^^^^^^^^^^
  File "/workspace/scratch/e2e4042ea5fd/work/intune-iac/intune_iac/workflow.py", line 333, in _guide
    observed = _observe(session_path, state)
               ^^^^^^^^^^^^^^^^^^^^^^^^^^^^^
  File "/workspace/scratch/e2e4042ea5fd/work/intune-iac/intune_iac/workflow.py", line 137, in _observe
    from reference.validation import schema_errors
  File "/workspace/scratch/e2e4042ea5fd/work/intune-iac/reference/validation.py", line 12, in <module>
    from jsonschema import Draft202012Validator, FormatChecker
ModuleNotFoundError: No module named 'jsonschema'

======================================================================
ERROR: test_replaced_lock_is_preserved_on_exit (test_edge_workflow_audit.WorkflowBoundaryTests.test_replaced_lock_is_preserved_on_exit)
----------------------------------------------------------------------
Traceback (most recent call last):
  File "/workspace/scratch/e2e4042ea5fd/work/intune-iac/plugin_tests/test_edge_workflow_audit.py", line 42, in test_replaced_lock_is_preserved_on_exit
    answer = self.run_flow(replace_then_save)
             ^^^^^^^^^^^^^^^^^^^^^^^^^^^^^^^^
  File "/workspace/scratch/e2e4042ea5fd/work/intune-iac/plugin_tests/test_edge_workflow_audit.py", line 28, in run_flow
    return workflow.run_guided_workflow(self.session, self.source, self.context,
           ^^^^^^^^^^^^^^^^^^^^^^^^^^^^^^^^^^^^^^^^^^^^^^^^^^^^^^^^^^^^^^^^^^^^^
  File "/workspace/scratch/e2e4042ea5fd/work/intune-iac/intune_iac/workflow.py", line 494, in run_guided_workflow
    return _guide(session_path, state, input_fn, output_fn, fresh, guard)
           ^^^^^^^^^^^^^^^^^^^^^^^^^^^^^^^^^^^^^^^^^^^^^^^^^^^^^^^^^^^^^^
  File "/workspace/scratch/e2e4042ea5fd/work/intune-iac/intune_iac/workflow.py", line 333, in _guide
    observed = _observe(session_path, state)
               ^^^^^^^^^^^^^^^^^^^^^^^^^^^^^
  File "/workspace/scratch/e2e4042ea5fd/work/intune-iac/intune_iac/workflow.py", line 137, in _observe
    from reference.validation import schema_errors
  File "/workspace/scratch/e2e4042ea5fd/work/intune-iac/reference/validation.py", line 12, in <module>
    from jsonschema import Draft202012Validator, FormatChecker
ModuleNotFoundError: No module named 'jsonschema'

======================================================================
ERROR: test_same_inode_changed_owner_is_preserved (test_edge_workflow_audit.WorkflowBoundaryTests.test_same_inode_changed_owner_is_preserved)
----------------------------------------------------------------------
Traceback (most recent call last):
  File "/workspace/scratch/e2e4042ea5fd/work/intune-iac/plugin_tests/test_edge_workflow_audit.py", line 66, in test_same_inode_changed_owner_is_preserved
    answer = self.run_flow(reader)
             ^^^^^^^^^^^^^^^^^^^^^
  File "/workspace/scratch/e2e4042ea5fd/work/intune-iac/plugin_tests/test_edge_workflow_audit.py", line 28, in run_flow
    return workflow.run_guided_workflow(self.session, self.source, self.context,
           ^^^^^^^^^^^^^^^^^^^^^^^^^^^^^^^^^^^^^^^^^^^^^^^^^^^^^^^^^^^^^^^^^^^^^
  File "/workspace/scratch/e2e4042ea5fd/work/intune-iac/intune_iac/workflow.py", line 494, in run_guided_workflow
    return _guide(session_path, state, input_fn, output_fn, fresh, guard)
           ^^^^^^^^^^^^^^^^^^^^^^^^^^^^^^^^^^^^^^^^^^^^^^^^^^^^^^^^^^^^^^
  File "/workspace/scratch/e2e4042ea5fd/work/intune-iac/intune_iac/workflow.py", line 333, in _guide
    observed = _observe(session_path, state)
               ^^^^^^^^^^^^^^^^^^^^^^^^^^^^^
  File "/workspace/scratch/e2e4042ea5fd/work/intune-iac/intune_iac/workflow.py", line 137, in _observe
    from reference.validation import schema_errors
  File "/workspace/scratch/e2e4042ea5fd/work/intune-iac/reference/validation.py", line 12, in <module>
    from jsonschema import Draft202012Validator, FormatChecker
ModuleNotFoundError: No module named 'jsonschema'

======================================================================
ERROR: test_symlink_lock_replacement_is_not_followed_or_removed (test_edge_workflow_audit.WorkflowBoundaryTests.test_symlink_lock_replacement_is_not_followed_or_removed)
----------------------------------------------------------------------
Traceback (most recent call last):
  File "/workspace/scratch/e2e4042ea5fd/work/intune-iac/plugin_tests/test_edge_workflow_audit.py", line 77, in test_symlink_lock_replacement_is_not_followed_or_removed
    answer = self.run_flow(reader)
             ^^^^^^^^^^^^^^^^^^^^^
  File "/workspace/scratch/e2e4042ea5fd/work/intune-iac/plugin_tests/test_edge_workflow_audit.py", line 28, in run_flow
    return workflow.run_guided_workflow(self.session, self.source, self.context,
           ^^^^^^^^^^^^^^^^^^^^^^^^^^^^^^^^^^^^^^^^^^^^^^^^^^^^^^^^^^^^^^^^^^^^^
  File "/workspace/scratch/e2e4042ea5fd/work/intune-iac/intune_iac/workflow.py", line 494, in run_guided_workflow
    return _guide(session_path, state, input_fn, output_fn, fresh, guard)
           ^^^^^^^^^^^^^^^^^^^^^^^^^^^^^^^^^^^^^^^^^^^^^^^^^^^^^^^^^^^^^^
  File "/workspace/scratch/e2e4042ea5fd/work/intune-iac/intune_iac/workflow.py", line 333, in _guide
    observed = _observe(session_path, state)
               ^^^^^^^^^^^^^^^^^^^^^^^^^^^^^
  File "/workspace/scratch/e2e4042ea5fd/work/intune-iac/intune_iac/workflow.py", line 137, in _observe
    from reference.validation import schema_errors
  File "/workspace/scratch/e2e4042ea5fd/work/intune-iac/reference/validation.py", line 12, in <module>
    from jsonschema import Draft202012Validator, FormatChecker
ModuleNotFoundError: No module named 'jsonschema'

======================================================================
ERROR: test_unhashable_saved_state_is_a_blocked_input_not_a_crash (test_edge_workflow_audit.WorkflowBoundaryTests.test_unhashable_saved_state_is_a_blocked_input_not_a_crash)
----------------------------------------------------------------------
Traceback (most recent call last):
  File "/workspace/scratch/e2e4042ea5fd/work/intune-iac/plugin_tests/test_edge_workflow_audit.py", line 83, in test_unhashable_saved_state_is_a_blocked_input_not_a_crash
    self.run_flow(lambda _: 'save')
  File "/workspace/scratch/e2e4042ea5fd/work/intune-iac/plugin_tests/test_edge_workflow_audit.py", line 28, in run_flow
    return workflow.run_guided_workflow(self.session, self.source, self.context,
           ^^^^^^^^^^^^^^^^^^^^^^^^^^^^^^^^^^^^^^^^^^^^^^^^^^^^^^^^^^^^^^^^^^^^^
  File "/workspace/scratch/e2e4042ea5fd/work/intune-iac/intune_iac/workflow.py", line 494, in run_guided_workflow
    return _guide(session_path, state, input_fn, output_fn, fresh, guard)
           ^^^^^^^^^^^^^^^^^^^^^^^^^^^^^^^^^^^^^^^^^^^^^^^^^^^^^^^^^^^^^^
  File "/workspace/scratch/e2e4042ea5fd/work/intune-iac/intune_iac/workflow.py", line 333, in _guide
    observed = _observe(session_path, state)
               ^^^^^^^^^^^^^^^^^^^^^^^^^^^^^
  File "/workspace/scratch/e2e4042ea5fd/work/intune-iac/intune_iac/workflow.py", line 137, in _observe
    from reference.validation import schema_errors
  File "/workspace/scratch/e2e4042ea5fd/work/intune-iac/reference/validation.py", line 12, in <module>
    from jsonschema import Draft202012Validator, FormatChecker
ModuleNotFoundError: No module named 'jsonschema'

======================================================================
ERROR: test_denied_assignments_produce_no_active_iac (test_engine.EngineTests.test_denied_assignments_produce_no_active_iac)
----------------------------------------------------------------------
Traceback (most recent call last):
  File "/workspace/scratch/e2e4042ea5fd/work/intune-iac/plugin_tests/test_engine.py", line 45, in test_denied_assignments_produce_no_active_iac
    result = generate(ROOT/'examples/access-denied/input/export.json', ROOT/'examples/context.json', output)
             ^^^^^^^^^^^^^^^^^^^^^^^^^^^^^^^^^^^^^^^^^^^^^^^^^^^^^^^^^^^^^^^^^^^^^^^^^^^^^^^^^^^^^^^^^^^^^^^
  File "/workspace/scratch/e2e4042ea5fd/work/intune-iac/intune_iac/engine.py", line 131, in generate
    raw, context_raw, source, context, normalized = _prepare(input_path, context_path)
                                                    ^^^^^^^^^^^^^^^^^^^^^^^^^^^^^^^^^^
  File "/workspace/scratch/e2e4042ea5fd/work/intune-iac/intune_iac/engine.py", line 14, in _prepare
    from reference.validation import schema_errors
  File "/workspace/scratch/e2e4042ea5fd/work/intune-iac/reference/validation.py", line 12, in <module>
    from jsonschema import Draft202012Validator, FormatChecker
ModuleNotFoundError: No module named 'jsonschema'

======================================================================
ERROR: test_real_capture_is_review_only_and_never_spoofed (test_engine.EngineTests.test_real_capture_is_review_only_and_never_spoofed)
----------------------------------------------------------------------
Traceback (most recent call last):
  File "/workspace/scratch/e2e4042ea5fd/work/intune-iac/plugin_tests/test_engine.py", line 58, in test_real_capture_is_review_only_and_never_spoofed
    result = generate(path, ROOT/'examples/context.json', output)
             ^^^^^^^^^^^^^^^^^^^^^^^^^^^^^^^^^^^^^^^^^^^^^^^^^^^^
  File "/workspace/scratch/e2e4042ea5fd/work/intune-iac/intune_iac/engine.py", line 131, in generate
    raw, context_raw, source, context, normalized = _prepare(input_path, context_path)
                                                    ^^^^^^^^^^^^^^^^^^^^^^^^^^^^^^^^^^
  File "/workspace/scratch/e2e4042ea5fd/work/intune-iac/intune_iac/engine.py", line 14, in _prepare
    from reference.validation import schema_errors
  File "/workspace/scratch/e2e4042ea5fd/work/intune-iac/reference/validation.py", line 12, in <module>
    from jsonschema import Draft202012Validator, FormatChecker
ModuleNotFoundError: No module named 'jsonschema'

======================================================================
ERROR: test_saved_output_is_rederived_from_source_not_its_own_manifest (test_engine.EngineTests.test_saved_output_is_rederived_from_source_not_its_own_manifest)
----------------------------------------------------------------------
Traceback (most recent call last):
  File "/workspace/scratch/e2e4042ea5fd/work/intune-iac/plugin_tests/test_engine.py", line 17, in test_saved_output_is_rederived_from_source_not_its_own_manifest
    generate(source,context,output)
  File "/workspace/scratch/e2e4042ea5fd/work/intune-iac/intune_iac/engine.py", line 131, in generate
    raw, context_raw, source, context, normalized = _prepare(input_path, context_path)
                                                    ^^^^^^^^^^^^^^^^^^^^^^^^^^^^^^^^^^
  File "/workspace/scratch/e2e4042ea5fd/work/intune-iac/intune_iac/engine.py", line 14, in _prepare
    from reference.validation import schema_errors
  File "/workspace/scratch/e2e4042ea5fd/work/intune-iac/reference/validation.py", line 12, in <module>
    from jsonschema import Draft202012Validator, FormatChecker
ModuleNotFoundError: No module named 'jsonschema'

======================================================================
ERROR: test_supported_generation_is_verified_and_changed_file_is_preserved (test_engine.EngineTests.test_supported_generation_is_verified_and_changed_file_is_preserved)
----------------------------------------------------------------------
Traceback (most recent call last):
  File "/workspace/scratch/e2e4042ea5fd/work/intune-iac/plugin_tests/test_engine.py", line 31, in test_supported_generation_is_verified_and_changed_file_is_preserved
    result = generate(ROOT/'examples/supported/input/export.json', ROOT/'examples/context.json', output)
             ^^^^^^^^^^^^^^^^^^^^^^^^^^^^^^^^^^^^^^^^^^^^^^^^^^^^^^^^^^^^^^^^^^^^^^^^^^^^^^^^^^^^^^^^^^^
  File "/workspace/scratch/e2e4042ea5fd/work/intune-iac/intune_iac/engine.py", line 131, in generate
    raw, context_raw, source, context, normalized = _prepare(input_path, context_path)
                                                    ^^^^^^^^^^^^^^^^^^^^^^^^^^^^^^^^^^
  File "/workspace/scratch/e2e4042ea5fd/work/intune-iac/intune_iac/engine.py", line 14, in _prepare
    from reference.validation import schema_errors
  File "/workspace/scratch/e2e4042ea5fd/work/intune-iac/reference/validation.py", line 12, in <module>
    from jsonschema import Draft202012Validator, FormatChecker
ModuleNotFoundError: No module named 'jsonschema'

======================================================================
ERROR: test_unsupported_value_does_not_escape_in_runtime_result (test_engine.EngineTests.test_unsupported_value_does_not_escape_in_runtime_result)
----------------------------------------------------------------------
Traceback (most recent call last):
  File "/workspace/scratch/e2e4042ea5fd/work/intune-iac/plugin_tests/test_engine.py", line 81, in test_unsupported_value_does_not_escape_in_runtime_result
    inspect_source(path, ROOT/'examples/context.json')
  File "/workspace/scratch/e2e4042ea5fd/work/intune-iac/intune_iac/engine.py", line 39, in inspect_source
    raw, context_raw, source, context, normalized = _prepare(input_path, context_path)
                                                    ^^^^^^^^^^^^^^^^^^^^^^^^^^^^^^^^^^
  File "/workspace/scratch/e2e4042ea5fd/work/intune-iac/intune_iac/engine.py", line 14, in _prepare
    from reference.validation import schema_errors
  File "/workspace/scratch/e2e4042ea5fd/work/intune-iac/reference/validation.py", line 12, in <module>
    from jsonschema import Draft202012Validator, FormatChecker
ModuleNotFoundError: No module named 'jsonschema'

======================================================================
ERROR: test_new_read_tools_work_over_real_mcp_stdio_without_authority (test_enterprise_cli.EnterpriseCliTests.test_new_read_tools_work_over_real_mcp_stdio_without_authority)
----------------------------------------------------------------------
Traceback (most recent call last):
  File "/workspace/scratch/e2e4042ea5fd/work/intune-iac/plugin_tests/test_enterprise_cli.py", line 93, in test_new_read_tools_work_over_real_mcp_stdio_without_authority
    self.assertFalse(review['execution_authorized'])
                     ~~~~~~^^^^^^^^^^^^^^^^^^^^^^^^
KeyError: 'execution_authorized'

======================================================================
ERROR: test_assignments_preserve_exclusion_and_filter_modes (test_graph.GraphTests.test_assignments_preserve_exclusion_and_filter_modes)
----------------------------------------------------------------------
Traceback (most recent call last):
  File "/workspace/scratch/e2e4042ea5fd/work/intune-iac/plugin_tests/test_graph.py", line 43, in test_assignments_preserve_exclusion_and_filter_modes
    result = query_graph(self.build(), 'assignments', POLICY)
                         ^^^^^^^^^^^^
  File "/workspace/scratch/e2e4042ea5fd/work/intune-iac/plugin_tests/test_graph.py", line 27, in build
    return build_graph(path, cp, self.root if atmos else None)
           ^^^^^^^^^^^^^^^^^^^^^^^^^^^^^^^^^^^^^^^^^^^^^^^^^^^
  File "/workspace/scratch/e2e4042ea5fd/work/intune-iac/intune_iac/graph.py", line 189, in build_graph
    inventory_complete = len(inventory)==1 and _policy_inventory_complete(inventory[0][1], production_capture)
                                               ^^^^^^^^^^^^^^^^^^^^^^^^^^^^^^^^^^^^^^^^^^^^^^^^^^^^^^^^^^^^^^^
  File "/workspace/scratch/e2e4042ea5fd/work/intune-iac/intune_iac/graph.py", line 85, in _policy_inventory_complete
    from reference.validation import capture_errors
  File "/workspace/scratch/e2e4042ea5fd/work/intune-iac/reference/validation.py", line 12, in <module>
    from jsonschema import Draft202012Validator, FormatChecker
ModuleNotFoundError: No module named 'jsonschema'

======================================================================
ERROR: test_atmos_component_placement_shows_implementation_without_resolved_stack (test_graph.GraphTests.test_atmos_component_placement_shows_implementation_without_resolved_stack)
----------------------------------------------------------------------
Traceback (most recent call last):
  File "/workspace/scratch/e2e4042ea5fd/work/intune-iac/plugin_tests/test_graph.py", line 193, in test_atmos_component_placement_shows_implementation_without_resolved_stack
    graph = self.build(atmos=True)
            ^^^^^^^^^^^^^^^^^^^^^^
  File "/workspace/scratch/e2e4042ea5fd/work/intune-iac/plugin_tests/test_graph.py", line 27, in build
    return build_graph(path, cp, self.root if atmos else None)
           ^^^^^^^^^^^^^^^^^^^^^^^^^^^^^^^^^^^^^^^^^^^^^^^^^^^
  File "/workspace/scratch/e2e4042ea5fd/work/intune-iac/intune_iac/graph.py", line 189, in build_graph
    inventory_complete = len(inventory)==1 and _policy_inventory_complete(inventory[0][1], production_capture)
                                               ^^^^^^^^^^^^^^^^^^^^^^^^^^^^^^^^^^^^^^^^^^^^^^^^^^^^^^^^^^^^^^^
  File "/workspace/scratch/e2e4042ea5fd/work/intune-iac/intune_iac/graph.py", line 85, in _policy_inventory_complete
    from reference.validation import capture_errors
  File "/workspace/scratch/e2e4042ea5fd/work/intune-iac/reference/validation.py", line 12, in <module>
    from jsonschema import Draft202012Validator, FormatChecker
ModuleNotFoundError: No module named 'jsonschema'

======================================================================
ERROR: test_atmos_cycles_and_dynamic_tags_remain_unknown_without_execution (test_graph.GraphTests.test_atmos_cycles_and_dynamic_tags_remain_unknown_without_execution)
----------------------------------------------------------------------
Traceback (most recent call last):
  File "/workspace/scratch/e2e4042ea5fd/work/intune-iac/plugin_tests/test_graph.py", line 228, in test_atmos_cycles_and_dynamic_tags_remain_unknown_without_execution
    graph = self.build(atmos=True)
            ^^^^^^^^^^^^^^^^^^^^^^
  File "/workspace/scratch/e2e4042ea5fd/work/intune-iac/plugin_tests/test_graph.py", line 27, in build
    return build_graph(path, cp, self.root if atmos else None)
           ^^^^^^^^^^^^^^^^^^^^^^^^^^^^^^^^^^^^^^^^^^^^^^^^^^^
  File "/workspace/scratch/e2e4042ea5fd/work/intune-iac/intune_iac/graph.py", line 189, in build_graph
    inventory_complete = len(inventory)==1 and _policy_inventory_complete(inventory[0][1], production_capture)
                                               ^^^^^^^^^^^^^^^^^^^^^^^^^^^^^^^^^^^^^^^^^^^^^^^^^^^^^^^^^^^^^^^
  File "/workspace/scratch/e2e4042ea5fd/work/intune-iac/intune_iac/graph.py", line 85, in _policy_inventory_complete
    from reference.validation import capture_errors
  File "/workspace/scratch/e2e4042ea5fd/work/intune-iac/reference/validation.py", line 12, in <module>
    from jsonschema import Draft202012Validator, FormatChecker
ModuleNotFoundError: No module named 'jsonschema'

======================================================================
ERROR: test_atmos_import_inheritance_dependency_and_instance_are_distinct (test_graph.GraphTests.test_atmos_import_inheritance_dependency_and_instance_are_distinct)
----------------------------------------------------------------------
Traceback (most recent call last):
  File "/workspace/scratch/e2e4042ea5fd/work/intune-iac/plugin_tests/test_graph.py", line 181, in test_atmos_import_inheritance_dependency_and_instance_are_distinct
    graph = self.build(atmos=True)
            ^^^^^^^^^^^^^^^^^^^^^^
  File "/workspace/scratch/e2e4042ea5fd/work/intune-iac/plugin_tests/test_graph.py", line 27, in build
    return build_graph(path, cp, self.root if atmos else None)
           ^^^^^^^^^^^^^^^^^^^^^^^^^^^^^^^^^^^^^^^^^^^^^^^^^^^
  File "/workspace/scratch/e2e4042ea5fd/work/intune-iac/intune_iac/graph.py", line 189, in build_graph
    inventory_complete = len(inventory)==1 and _policy_inventory_complete(inventory[0][1], production_capture)
                                               ^^^^^^^^^^^^^^^^^^^^^^^^^^^^^^^^^^^^^^^^^^^^^^^^^^^^^^^^^^^^^^^
  File "/workspace/scratch/e2e4042ea5fd/work/intune-iac/intune_iac/graph.py", line 85, in _policy_inventory_complete
    from reference.validation import capture_errors
  File "/workspace/scratch/e2e4042ea5fd/work/intune-iac/reference/validation.py", line 12, in <module>
    from jsonschema import Draft202012Validator, FormatChecker
ModuleNotFoundError: No module named 'jsonschema'

======================================================================
ERROR: test_denied_assignment_collection_is_unknown_not_empty_complete (test_graph.GraphTests.test_denied_assignment_collection_is_unknown_not_empty_complete)
----------------------------------------------------------------------
Traceback (most recent call last):
  File "/workspace/scratch/e2e4042ea5fd/work/intune-iac/plugin_tests/test_graph.py", line 55, in test_denied_assignment_collection_is_unknown_not_empty_complete
    result = query_graph(self.build(source), 'assignments', POLICY)
                         ^^^^^^^^^^^^^^^^^^
  File "/workspace/scratch/e2e4042ea5fd/work/intune-iac/plugin_tests/test_graph.py", line 27, in build
    return build_graph(path, cp, self.root if atmos else None)
           ^^^^^^^^^^^^^^^^^^^^^^^^^^^^^^^^^^^^^^^^^^^^^^^^^^^
  File "/workspace/scratch/e2e4042ea5fd/work/intune-iac/intune_iac/graph.py", line 189, in build_graph
    inventory_complete = len(inventory)==1 and _policy_inventory_complete(inventory[0][1], production_capture)
                                               ^^^^^^^^^^^^^^^^^^^^^^^^^^^^^^^^^^^^^^^^^^^^^^^^^^^^^^^^^^^^^^^
  File "/workspace/scratch/e2e4042ea5fd/work/intune-iac/intune_iac/graph.py", line 85, in _policy_inventory_complete
    from reference.validation import capture_errors
  File "/workspace/scratch/e2e4042ea5fd/work/intune-iac/reference/validation.py", line 12, in <module>
    from jsonschema import Draft202012Validator, FormatChecker
ModuleNotFoundError: No module named 'jsonschema'

======================================================================
ERROR: test_denied_policy_inventory_has_unknown_coverage (test_graph.GraphTests.test_denied_policy_inventory_has_unknown_coverage)
----------------------------------------------------------------------
Traceback (most recent call last):
  File "/workspace/scratch/e2e4042ea5fd/work/intune-iac/plugin_tests/test_graph.py", line 79, in test_denied_policy_inventory_has_unknown_coverage
    result = query_graph(self.build(source),'policies')
                         ^^^^^^^^^^^^^^^^^^
  File "/workspace/scratch/e2e4042ea5fd/work/intune-iac/plugin_tests/test_graph.py", line 27, in build
    return build_graph(path, cp, self.root if atmos else None)
           ^^^^^^^^^^^^^^^^^^^^^^^^^^^^^^^^^^^^^^^^^^^^^^^^^^^
  File "/workspace/scratch/e2e4042ea5fd/work/intune-iac/intune_iac/graph.py", line 189, in build_graph
    inventory_complete = len(inventory)==1 and _policy_inventory_complete(inventory[0][1], production_capture)
                                               ^^^^^^^^^^^^^^^^^^^^^^^^^^^^^^^^^^^^^^^^^^^^^^^^^^^^^^^^^^^^^^^
  File "/workspace/scratch/e2e4042ea5fd/work/intune-iac/intune_iac/graph.py", line 85, in _policy_inventory_complete
    from reference.validation import capture_errors
  File "/workspace/scratch/e2e4042ea5fd/work/intune-iac/reference/validation.py", line 12, in <module>
    from jsonschema import Draft202012Validator, FormatChecker
ModuleNotFoundError: No module named 'jsonschema'

======================================================================
ERROR: test_dynamic_dependency_stack_does_not_become_same_manifest_edge (test_graph.GraphTests.test_dynamic_dependency_stack_does_not_become_same_manifest_edge)
----------------------------------------------------------------------
Traceback (most recent call last):
  File "/workspace/scratch/e2e4042ea5fd/work/intune-iac/plugin_tests/test_graph.py", line 208, in test_dynamic_dependency_stack_does_not_become_same_manifest_edge
    graph = self.build(atmos=True)
            ^^^^^^^^^^^^^^^^^^^^^^
  File "/workspace/scratch/e2e4042ea5fd/work/intune-iac/plugin_tests/test_graph.py", line 27, in build
    return build_graph(path, cp, self.root if atmos else None)
           ^^^^^^^^^^^^^^^^^^^^^^^^^^^^^^^^^^^^^^^^^^^^^^^^^^^
  File "/workspace/scratch/e2e4042ea5fd/work/intune-iac/intune_iac/graph.py", line 189, in build_graph
    inventory_complete = len(inventory)==1 and _policy_inventory_complete(inventory[0][1], production_capture)
                                               ^^^^^^^^^^^^^^^^^^^^^^^^^^^^^^^^^^^^^^^^^^^^^^^^^^^^^^^^^^^^^^^
  File "/workspace/scratch/e2e4042ea5fd/work/intune-iac/intune_iac/graph.py", line 85, in _policy_inventory_complete
    from reference.validation import capture_errors
  File "/workspace/scratch/e2e4042ea5fd/work/intune-iac/reference/validation.py", line 12, in <module>
    from jsonschema import Draft202012Validator, FormatChecker
ModuleNotFoundError: No module named 'jsonschema'

======================================================================
ERROR: test_edited_and_unknown_graph_fields_fail_closed (test_graph.GraphTests.test_edited_and_unknown_graph_fields_fail_closed)
----------------------------------------------------------------------
Traceback (most recent call last):
  File "/workspace/scratch/e2e4042ea5fd/work/intune-iac/plugin_tests/test_graph.py", line 132, in test_edited_and_unknown_graph_fields_fail_closed
    graph = self.build()
            ^^^^^^^^^^^^
  File "/workspace/scratch/e2e4042ea5fd/work/intune-iac/plugin_tests/test_graph.py", line 27, in build
    return build_graph(path, cp, self.root if atmos else None)
           ^^^^^^^^^^^^^^^^^^^^^^^^^^^^^^^^^^^^^^^^^^^^^^^^^^^
  File "/workspace/scratch/e2e4042ea5fd/work/intune-iac/intune_iac/graph.py", line 189, in build_graph
    inventory_complete = len(inventory)==1 and _policy_inventory_complete(inventory[0][1], production_capture)
                                               ^^^^^^^^^^^^^^^^^^^^^^^^^^^^^^^^^^^^^^^^^^^^^^^^^^^^^^^^^^^^^^^
  File "/workspace/scratch/e2e4042ea5fd/work/intune-iac/intune_iac/graph.py", line 85, in _policy_inventory_complete
    from reference.validation import capture_errors
  File "/workspace/scratch/e2e4042ea5fd/work/intune-iac/reference/validation.py", line 12, in <module>
    from jsonschema import Draft202012Validator, FormatChecker
ModuleNotFoundError: No module named 'jsonschema'

======================================================================
ERROR: test_failed_page_records_cannot_borrow_successful_page_origin (test_graph.GraphTests.test_failed_page_records_cannot_borrow_successful_page_origin)
----------------------------------------------------------------------
Traceback (most recent call last):
  File "/workspace/scratch/e2e4042ea5fd/work/intune-iac/plugin_tests/test_graph.py", line 69, in test_failed_page_records_cannot_borrow_successful_page_origin
    result = query_graph(self.build(source),'assignments',POLICY)
                         ^^^^^^^^^^^^^^^^^^
  File "/workspace/scratch/e2e4042ea5fd/work/intune-iac/plugin_tests/test_graph.py", line 27, in build
    return build_graph(path, cp, self.root if atmos else None)
           ^^^^^^^^^^^^^^^^^^^^^^^^^^^^^^^^^^^^^^^^^^^^^^^^^^^
  File "/workspace/scratch/e2e4042ea5fd/work/intune-iac/intune_iac/graph.py", line 189, in build_graph
    inventory_complete = len(inventory)==1 and _policy_inventory_complete(inventory[0][1], production_capture)
                                               ^^^^^^^^^^^^^^^^^^^^^^^^^^^^^^^^^^^^^^^^^^^^^^^^^^^^^^^^^^^^^^^
  File "/workspace/scratch/e2e4042ea5fd/work/intune-iac/intune_iac/graph.py", line 85, in _policy_inventory_complete
    from reference.validation import capture_errors
  File "/workspace/scratch/e2e4042ea5fd/work/intune-iac/reference/validation.py", line 12, in <module>
    from jsonschema import Draft202012Validator, FormatChecker
ModuleNotFoundError: No module named 'jsonschema'

======================================================================
ERROR: test_fixed_queries_reject_arbitrary_query_text (test_graph.GraphTests.test_fixed_queries_reject_arbitrary_query_text)
----------------------------------------------------------------------
Traceback (most recent call last):
  File "/workspace/scratch/e2e4042ea5fd/work/intune-iac/plugin_tests/test_graph.py", line 160, in test_fixed_queries_reject_arbitrary_query_text
    query_graph(self.build(), 'MATCH (n) RETURN n')
                ^^^^^^^^^^^^
  File "/workspace/scratch/e2e4042ea5fd/work/intune-iac/plugin_tests/test_graph.py", line 27, in build
    return build_graph(path, cp, self.root if atmos else None)
           ^^^^^^^^^^^^^^^^^^^^^^^^^^^^^^^^^^^^^^^^^^^^^^^^^^^
  File "/workspace/scratch/e2e4042ea5fd/work/intune-iac/intune_iac/graph.py", line 189, in build_graph
    inventory_complete = len(inventory)==1 and _policy_inventory_complete(inventory[0][1], production_capture)
                                               ^^^^^^^^^^^^^^^^^^^^^^^^^^^^^^^^^^^^^^^^^^^^^^^^^^^^^^^^^^^^^^^
  File "/workspace/scratch/e2e4042ea5fd/work/intune-iac/intune_iac/graph.py", line 85, in _policy_inventory_complete
    from reference.validation import capture_errors
  File "/workspace/scratch/e2e4042ea5fd/work/intune-iac/reference/validation.py", line 12, in <module>
    from jsonschema import Draft202012Validator, FormatChecker
ModuleNotFoundError: No module named 'jsonschema'

======================================================================
ERROR: test_graph_cannot_hide_unreviewed_payload_inside_edge_metadata (test_graph.GraphTests.test_graph_cannot_hide_unreviewed_payload_inside_edge_metadata)
----------------------------------------------------------------------
Traceback (most recent call last):
  File "/workspace/scratch/e2e4042ea5fd/work/intune-iac/plugin_tests/test_graph.py", line 144, in test_graph_cannot_hide_unreviewed_payload_inside_edge_metadata
    graph = self.build()
            ^^^^^^^^^^^^
  File "/workspace/scratch/e2e4042ea5fd/work/intune-iac/plugin_tests/test_graph.py", line 27, in build
    return build_graph(path, cp, self.root if atmos else None)
           ^^^^^^^^^^^^^^^^^^^^^^^^^^^^^^^^^^^^^^^^^^^^^^^^^^^
  File "/workspace/scratch/e2e4042ea5fd/work/intune-iac/intune_iac/graph.py", line 189, in build_graph
    inventory_complete = len(inventory)==1 and _policy_inventory_complete(inventory[0][1], production_capture)
                                               ^^^^^^^^^^^^^^^^^^^^^^^^^^^^^^^^^^^^^^^^^^^^^^^^^^^^^^^^^^^^^^^
  File "/workspace/scratch/e2e4042ea5fd/work/intune-iac/intune_iac/graph.py", line 85, in _policy_inventory_complete
    from reference.validation import capture_errors
  File "/workspace/scratch/e2e4042ea5fd/work/intune-iac/reference/validation.py", line 12, in <module>
    from jsonschema import Draft202012Validator, FormatChecker
ModuleNotFoundError: No module named 'jsonschema'

======================================================================
ERROR: test_impact_walks_declared_consumers_without_claiming_order (test_graph.GraphTests.test_impact_walks_declared_consumers_without_claiming_order)
----------------------------------------------------------------------
Traceback (most recent call last):
  File "/workspace/scratch/e2e4042ea5fd/work/intune-iac/plugin_tests/test_graph.py", line 90, in test_impact_walks_declared_consumers_without_claiming_order
    graph = self.build(atmos=True)
            ^^^^^^^^^^^^^^^^^^^^^^
  File "/workspace/scratch/e2e4042ea5fd/work/intune-iac/plugin_tests/test_graph.py", line 27, in build
    return build_graph(path, cp, self.root if atmos else None)
           ^^^^^^^^^^^^^^^^^^^^^^^^^^^^^^^^^^^^^^^^^^^^^^^^^^^
  File "/workspace/scratch/e2e4042ea5fd/work/intune-iac/intune_iac/graph.py", line 189, in build_graph
    inventory_complete = len(inventory)==1 and _policy_inventory_complete(inventory[0][1], production_capture)
                                               ^^^^^^^^^^^^^^^^^^^^^^^^^^^^^^^^^^^^^^^^^^^^^^^^^^^^^^^^^^^^^^^
  File "/workspace/scratch/e2e4042ea5fd/work/intune-iac/intune_iac/graph.py", line 85, in _policy_inventory_complete
    from reference.validation import capture_errors
  File "/workspace/scratch/e2e4042ea5fd/work/intune-iac/reference/validation.py", line 12, in <module>
    from jsonschema import Draft202012Validator, FormatChecker
ModuleNotFoundError: No module named 'jsonschema'

======================================================================
ERROR: test_placement_is_intent_and_context_cannot_verify_identity (test_graph.GraphTests.test_placement_is_intent_and_context_cannot_verify_identity)
----------------------------------------------------------------------
Traceback (most recent call last):
  File "/workspace/scratch/e2e4042ea5fd/work/intune-iac/plugin_tests/test_graph.py", line 238, in test_placement_is_intent_and_context_cannot_verify_identity
    graph = self.build(context=context)
            ^^^^^^^^^^^^^^^^^^^^^^^^^^^
  File "/workspace/scratch/e2e4042ea5fd/work/intune-iac/plugin_tests/test_graph.py", line 27, in build
    return build_graph(path, cp, self.root if atmos else None)
           ^^^^^^^^^^^^^^^^^^^^^^^^^^^^^^^^^^^^^^^^^^^^^^^^^^^
  File "/workspace/scratch/e2e4042ea5fd/work/intune-iac/intune_iac/graph.py", line 189, in build_graph
    inventory_complete = len(inventory)==1 and _policy_inventory_complete(inventory[0][1], production_capture)
                                               ^^^^^^^^^^^^^^^^^^^^^^^^^^^^^^^^^^^^^^^^^^^^^^^^^^^^^^^^^^^^^^^
  File "/workspace/scratch/e2e4042ea5fd/work/intune-iac/intune_iac/graph.py", line 85, in _policy_inventory_complete
    from reference.validation import capture_errors
  File "/workspace/scratch/e2e4042ea5fd/work/intune-iac/reference/validation.py", line 12, in <module>
    from jsonschema import Draft202012Validator, FormatChecker
ModuleNotFoundError: No module named 'jsonschema'

======================================================================
ERROR: test_scopes_and_duplicate_labels_do_not_collapse_policy_identity (test_graph.GraphTests.test_scopes_and_duplicate_labels_do_not_collapse_policy_identity)
----------------------------------------------------------------------
Traceback (most recent call last):
  File "/workspace/scratch/e2e4042ea5fd/work/intune-iac/plugin_tests/test_graph.py", line 33, in test_scopes_and_duplicate_labels_do_not_collapse_policy_identity
    graph = self.build()
            ^^^^^^^^^^^^
  File "/workspace/scratch/e2e4042ea5fd/work/intune-iac/plugin_tests/test_graph.py", line 27, in build
    return build_graph(path, cp, self.root if atmos else None)
           ^^^^^^^^^^^^^^^^^^^^^^^^^^^^^^^^^^^^^^^^^^^^^^^^^^^
  File "/workspace/scratch/e2e4042ea5fd/work/intune-iac/intune_iac/graph.py", line 189, in build_graph
    inventory_complete = len(inventory)==1 and _policy_inventory_complete(inventory[0][1], production_capture)
                                               ^^^^^^^^^^^^^^^^^^^^^^^^^^^^^^^^^^^^^^^^^^^^^^^^^^^^^^^^^^^^^^^
  File "/workspace/scratch/e2e4042ea5fd/work/intune-iac/intune_iac/graph.py", line 85, in _policy_inventory_complete
    from reference.validation import capture_errors
  File "/workspace/scratch/e2e4042ea5fd/work/intune-iac/reference/validation.py", line 12, in <module>
    from jsonschema import Draft202012Validator, FormatChecker
ModuleNotFoundError: No module named 'jsonschema'

======================================================================
ERROR: test_setting_explanation_has_mapping_and_byte_backed_origin (test_graph.GraphTests.test_setting_explanation_has_mapping_and_byte_backed_origin)
----------------------------------------------------------------------
Traceback (most recent call last):
  File "/workspace/scratch/e2e4042ea5fd/work/intune-iac/plugin_tests/test_graph.py", line 121, in test_setting_explanation_has_mapping_and_byte_backed_origin
    graph = self.build()
            ^^^^^^^^^^^^
  File "/workspace/scratch/e2e4042ea5fd/work/intune-iac/plugin_tests/test_graph.py", line 27, in build
    return build_graph(path, cp, self.root if atmos else None)
           ^^^^^^^^^^^^^^^^^^^^^^^^^^^^^^^^^^^^^^^^^^^^^^^^^^^
  File "/workspace/scratch/e2e4042ea5fd/work/intune-iac/intune_iac/graph.py", line 189, in build_graph
    inventory_complete = len(inventory)==1 and _policy_inventory_complete(inventory[0][1], production_capture)
                                               ^^^^^^^^^^^^^^^^^^^^^^^^^^^^^^^^^^^^^^^^^^^^^^^^^^^^^^^^^^^^^^^
  File "/workspace/scratch/e2e4042ea5fd/work/intune-iac/intune_iac/graph.py", line 85, in _policy_inventory_complete
    from reference.validation import capture_errors
  File "/workspace/scratch/e2e4042ea5fd/work/intune-iac/reference/validation.py", line 12, in <module>
    from jsonschema import Draft202012Validator, FormatChecker
ModuleNotFoundError: No module named 'jsonschema'

======================================================================
ERROR: test_source_asserted_identity_and_supported_setting_value_are_explicit (test_graph.GraphTests.test_source_asserted_identity_and_supported_setting_value_are_explicit)
----------------------------------------------------------------------
Traceback (most recent call last):
  File "/workspace/scratch/e2e4042ea5fd/work/intune-iac/plugin_tests/test_graph.py", line 151, in test_source_asserted_identity_and_supported_setting_value_are_explicit
    graph = self.build()
            ^^^^^^^^^^^^
  File "/workspace/scratch/e2e4042ea5fd/work/intune-iac/plugin_tests/test_graph.py", line 27, in build
    return build_graph(path, cp, self.root if atmos else None)
           ^^^^^^^^^^^^^^^^^^^^^^^^^^^^^^^^^^^^^^^^^^^^^^^^^^^
  File "/workspace/scratch/e2e4042ea5fd/work/intune-iac/intune_iac/graph.py", line 189, in build_graph
    inventory_complete = len(inventory)==1 and _policy_inventory_complete(inventory[0][1], production_capture)
                                               ^^^^^^^^^^^^^^^^^^^^^^^^^^^^^^^^^^^^^^^^^^^^^^^^^^^^^^^^^^^^^^^
  File "/workspace/scratch/e2e4042ea5fd/work/intune-iac/intune_iac/graph.py", line 85, in _policy_inventory_complete
    from reference.validation import capture_errors
  File "/workspace/scratch/e2e4042ea5fd/work/intune-iac/reference/validation.py", line 12, in <module>
    from jsonschema import Draft202012Validator, FormatChecker
ModuleNotFoundError: No module named 'jsonschema'

======================================================================
ERROR: test_unknown_keys_and_secret_settings_are_not_public_review_payload (test_graph.GraphTests.test_unknown_keys_and_secret_settings_are_not_public_review_payload)
----------------------------------------------------------------------
Traceback (most recent call last):
  File "/workspace/scratch/e2e4042ea5fd/work/intune-iac/plugin_tests/test_graph.py", line 116, in test_unknown_keys_and_secret_settings_are_not_public_review_payload
    rendered = json.dumps(self.build(source))
                          ^^^^^^^^^^^^^^^^^^
  File "/workspace/scratch/e2e4042ea5fd/work/intune-iac/plugin_tests/test_graph.py", line 27, in build
    return build_graph(path, cp, self.root if atmos else None)
           ^^^^^^^^^^^^^^^^^^^^^^^^^^^^^^^^^^^^^^^^^^^^^^^^^^^
  File "/workspace/scratch/e2e4042ea5fd/work/intune-iac/intune_iac/graph.py", line 189, in build_graph
    inventory_complete = len(inventory)==1 and _policy_inventory_complete(inventory[0][1], production_capture)
                                               ^^^^^^^^^^^^^^^^^^^^^^^^^^^^^^^^^^^^^^^^^^^^^^^^^^^^^^^^^^^^^^^
  File "/workspace/scratch/e2e4042ea5fd/work/intune-iac/intune_iac/graph.py", line 85, in _policy_inventory_complete
    from reference.validation import capture_errors
  File "/workspace/scratch/e2e4042ea5fd/work/intune-iac/reference/validation.py", line 12, in <module>
    from jsonschema import Draft202012Validator, FormatChecker
ModuleNotFoundError: No module named 'jsonschema'

======================================================================
ERROR: test_yaml_merge_and_external_import_remain_unresolved (test_graph.GraphTests.test_yaml_merge_and_external_import_remain_unresolved)
----------------------------------------------------------------------
Traceback (most recent call last):
  File "/workspace/scratch/e2e4042ea5fd/work/intune-iac/plugin_tests/test_graph.py", line 106, in test_yaml_merge_and_external_import_remain_unresolved
    graph = self.build(atmos=True)
            ^^^^^^^^^^^^^^^^^^^^^^
  File "/workspace/scratch/e2e4042ea5fd/work/intune-iac/plugin_tests/test_graph.py", line 27, in build
    return build_graph(path, cp, self.root if atmos else None)
           ^^^^^^^^^^^^^^^^^^^^^^^^^^^^^^^^^^^^^^^^^^^^^^^^^^^
  File "/workspace/scratch/e2e4042ea5fd/work/intune-iac/intune_iac/graph.py", line 189, in build_graph
    inventory_complete = len(inventory)==1 and _policy_inventory_complete(inventory[0][1], production_capture)
                                               ^^^^^^^^^^^^^^^^^^^^^^^^^^^^^^^^^^^^^^^^^^^^^^^^^^^^^^^^^^^^^^^
  File "/workspace/scratch/e2e4042ea5fd/work/intune-iac/intune_iac/graph.py", line 85, in _policy_inventory_complete
    from reference.validation import capture_errors
  File "/workspace/scratch/e2e4042ea5fd/work/intune-iac/reference/validation.py", line 12, in <module>
    from jsonschema import Draft202012Validator, FormatChecker
ModuleNotFoundError: No module named 'jsonschema'

======================================================================
ERROR: test_stored_graph_query_budget_precedes_digest_and_relational_scans (test_graph_budget.GraphBudgetTests.test_stored_graph_query_budget_precedes_digest_and_relational_scans)
----------------------------------------------------------------------
Traceback (most recent call last):
  File "/workspace/scratch/e2e4042ea5fd/work/intune-iac/plugin_tests/test_graph_budget.py", line 24, in test_stored_graph_query_budget_precedes_digest_and_relational_scans
    query_graph(graph, 'policies')
  File "/workspace/scratch/e2e4042ea5fd/work/intune-iac/intune_iac/graph.py", line 667, in query_graph
    _validate_graph(graph)
  File "/workspace/scratch/e2e4042ea5fd/work/intune-iac/intune_iac/graph.py", line 494, in _validate_graph
    from .graph_validation import validate_graph
  File "/workspace/scratch/e2e4042ea5fd/work/intune-iac/intune_iac/graph_validation.py", line 6, in <module>
    from reference.validation import schema_errors, capability_errors
  File "/workspace/scratch/e2e4042ea5fd/work/intune-iac/reference/validation.py", line 12, in <module>
    from jsonschema import Draft202012Validator, FormatChecker
ModuleNotFoundError: No module named 'jsonschema'

======================================================================
ERROR: test_config_resolution_does_not_fabricate_missing_implementation (test_graph_resolution.GraphResolutionTests.test_config_resolution_does_not_fabricate_missing_implementation)
----------------------------------------------------------------------
Traceback (most recent call last):
  File "/workspace/scratch/e2e4042ea5fd/work/intune-iac/plugin_tests/test_graph_resolution.py", line 193, in test_config_resolution_does_not_fabricate_missing_implementation
    graph = self.graph()
            ^^^^^^^^^^^^
  File "/workspace/scratch/e2e4042ea5fd/work/intune-iac/plugin_tests/test_graph_resolution.py", line 36, in graph
    return build_graph(self.capture, atmos_root=self.root)
           ^^^^^^^^^^^^^^^^^^^^^^^^^^^^^^^^^^^^^^^^^^^^^^^
  File "/workspace/scratch/e2e4042ea5fd/work/intune-iac/intune_iac/graph.py", line 189, in build_graph
    inventory_complete = len(inventory)==1 and _policy_inventory_complete(inventory[0][1], production_capture)
                                               ^^^^^^^^^^^^^^^^^^^^^^^^^^^^^^^^^^^^^^^^^^^^^^^^^^^^^^^^^^^^^^^
  File "/workspace/scratch/e2e4042ea5fd/work/intune-iac/intune_iac/graph.py", line 85, in _policy_inventory_complete
    from reference.validation import capture_errors
  File "/workspace/scratch/e2e4042ea5fd/work/intune-iac/reference/validation.py", line 12, in <module>
    from jsonschema import Draft202012Validator, FormatChecker
ModuleNotFoundError: No module named 'jsonschema'

======================================================================
ERROR: test_dependency_query_uses_effective_import_and_provenance (test_graph_resolution.GraphResolutionTests.test_dependency_query_uses_effective_import_and_provenance)
----------------------------------------------------------------------
Traceback (most recent call last):
  File "/workspace/scratch/e2e4042ea5fd/work/intune-iac/plugin_tests/test_graph_resolution.py", line 142, in test_dependency_query_uses_effective_import_and_provenance
    graph = self.graph()
            ^^^^^^^^^^^^
  File "/workspace/scratch/e2e4042ea5fd/work/intune-iac/plugin_tests/test_graph_resolution.py", line 36, in graph
    return build_graph(self.capture, atmos_root=self.root)
           ^^^^^^^^^^^^^^^^^^^^^^^^^^^^^^^^^^^^^^^^^^^^^^^
  File "/workspace/scratch/e2e4042ea5fd/work/intune-iac/intune_iac/graph.py", line 189, in build_graph
    inventory_complete = len(inventory)==1 and _policy_inventory_complete(inventory[0][1], production_capture)
                                               ^^^^^^^^^^^^^^^^^^^^^^^^^^^^^^^^^^^^^^^^^^^^^^^^^^^^^^^^^^^^^^^
  File "/workspace/scratch/e2e4042ea5fd/work/intune-iac/intune_iac/graph.py", line 85, in _policy_inventory_complete
    from reference.validation import capture_errors
  File "/workspace/scratch/e2e4042ea5fd/work/intune-iac/reference/validation.py", line 12, in <module>
    from jsonschema import Draft202012Validator, FormatChecker
ModuleNotFoundError: No module named 'jsonschema'

======================================================================
ERROR: test_dynamic_repository_never_acquires_effective_configuration (test_graph_resolution.GraphResolutionTests.test_dynamic_repository_never_acquires_effective_configuration)
----------------------------------------------------------------------
Traceback (most recent call last):
  File "/workspace/scratch/e2e4042ea5fd/work/intune-iac/plugin_tests/test_graph_resolution.py", line 179, in test_dynamic_repository_never_acquires_effective_configuration
    graph = self.graph()
            ^^^^^^^^^^^^
  File "/workspace/scratch/e2e4042ea5fd/work/intune-iac/plugin_tests/test_graph_resolution.py", line 36, in graph
    return build_graph(self.capture, atmos_root=self.root)
           ^^^^^^^^^^^^^^^^^^^^^^^^^^^^^^^^^^^^^^^^^^^^^^^
  File "/workspace/scratch/e2e4042ea5fd/work/intune-iac/intune_iac/graph.py", line 189, in build_graph
    inventory_complete = len(inventory)==1 and _policy_inventory_complete(inventory[0][1], production_capture)
                                               ^^^^^^^^^^^^^^^^^^^^^^^^^^^^^^^^^^^^^^^^^^^^^^^^^^^^^^^^^^^^^^^
  File "/workspace/scratch/e2e4042ea5fd/work/intune-iac/intune_iac/graph.py", line 85, in _policy_inventory_complete
    from reference.validation import capture_errors
  File "/workspace/scratch/e2e4042ea5fd/work/intune-iac/reference/validation.py", line 12, in <module>
    from jsonschema import Draft202012Validator, FormatChecker
ModuleNotFoundError: No module named 'jsonschema'

======================================================================
ERROR: test_effective_graph_rejects_payload_and_inconsistent_claims_after_rehash (test_graph_resolution.GraphResolutionTests.test_effective_graph_rejects_payload_and_inconsistent_claims_after_rehash)
----------------------------------------------------------------------
Traceback (most recent call last):
  File "/workspace/scratch/e2e4042ea5fd/work/intune-iac/plugin_tests/test_graph_resolution.py", line 280, in test_effective_graph_rejects_payload_and_inconsistent_claims_after_rehash
    graph = self.graph()
            ^^^^^^^^^^^^
  File "/workspace/scratch/e2e4042ea5fd/work/intune-iac/plugin_tests/test_graph_resolution.py", line 36, in graph
    return build_graph(self.capture, atmos_root=self.root)
           ^^^^^^^^^^^^^^^^^^^^^^^^^^^^^^^^^^^^^^^^^^^^^^^
  File "/workspace/scratch/e2e4042ea5fd/work/intune-iac/intune_iac/graph.py", line 189, in build_graph
    inventory_complete = len(inventory)==1 and _policy_inventory_complete(inventory[0][1], production_capture)
                                               ^^^^^^^^^^^^^^^^^^^^^^^^^^^^^^^^^^^^^^^^^^^^^^^^^^^^^^^^^^^^^^^
  File "/workspace/scratch/e2e4042ea5fd/work/intune-iac/intune_iac/graph.py", line 85, in _policy_inventory_complete
    from reference.validation import capture_errors
  File "/workspace/scratch/e2e4042ea5fd/work/intune-iac/reference/validation.py", line 12, in <module>
    from jsonschema import Draft202012Validator, FormatChecker
ModuleNotFoundError: No module named 'jsonschema'

======================================================================
ERROR: test_equal_tenant_labels_do_not_collapse_distinct_physical_stacks (test_graph_resolution.GraphResolutionTests.test_equal_tenant_labels_do_not_collapse_distinct_physical_stacks)
----------------------------------------------------------------------
Traceback (most recent call last):
  File "/workspace/scratch/e2e4042ea5fd/work/intune-iac/plugin_tests/test_graph_resolution.py", line 164, in test_equal_tenant_labels_do_not_collapse_distinct_physical_stacks
    graph = self.graph()
            ^^^^^^^^^^^^
  File "/workspace/scratch/e2e4042ea5fd/work/intune-iac/plugin_tests/test_graph_resolution.py", line 36, in graph
    return build_graph(self.capture, atmos_root=self.root)
           ^^^^^^^^^^^^^^^^^^^^^^^^^^^^^^^^^^^^^^^^^^^^^^^
  File "/workspace/scratch/e2e4042ea5fd/work/intune-iac/intune_iac/graph.py", line 189, in build_graph
    inventory_complete = len(inventory)==1 and _policy_inventory_complete(inventory[0][1], production_capture)
                                               ^^^^^^^^^^^^^^^^^^^^^^^^^^^^^^^^^^^^^^^^^^^^^^^^^^^^^^^^^^^^^^^
  File "/workspace/scratch/e2e4042ea5fd/work/intune-iac/intune_iac/graph.py", line 85, in _policy_inventory_complete
    from reference.validation import capture_errors
  File "/workspace/scratch/e2e4042ea5fd/work/intune-iac/reference/validation.py", line 12, in <module>
    from jsonschema import Draft202012Validator, FormatChecker
ModuleNotFoundError: No module named 'jsonschema'

======================================================================
ERROR: test_explicit_stack_selector_does_not_claim_physical_selection_is_logical_identity (test_graph_resolution.GraphResolutionTests.test_explicit_stack_selector_does_not_claim_physical_selection_is_logical_identity)
----------------------------------------------------------------------
Traceback (most recent call last):
  File "/workspace/scratch/e2e4042ea5fd/work/intune-iac/plugin_tests/test_graph_resolution.py", line 215, in test_explicit_stack_selector_does_not_claim_physical_selection_is_logical_identity
    graph = self.graph()
            ^^^^^^^^^^^^
  File "/workspace/scratch/e2e4042ea5fd/work/intune-iac/plugin_tests/test_graph_resolution.py", line 36, in graph
    return build_graph(self.capture, atmos_root=self.root)
           ^^^^^^^^^^^^^^^^^^^^^^^^^^^^^^^^^^^^^^^^^^^^^^^
  File "/workspace/scratch/e2e4042ea5fd/work/intune-iac/intune_iac/graph.py", line 189, in build_graph
    inventory_complete = len(inventory)==1 and _policy_inventory_complete(inventory[0][1], production_capture)
                                               ^^^^^^^^^^^^^^^^^^^^^^^^^^^^^^^^^^^^^^^^^^^^^^^^^^^^^^^^^^^^^^^
  File "/workspace/scratch/e2e4042ea5fd/work/intune-iac/intune_iac/graph.py", line 85, in _policy_inventory_complete
    from reference.validation import capture_errors
  File "/workspace/scratch/e2e4042ea5fd/work/intune-iac/reference/validation.py", line 12, in <module>
    from jsonschema import Draft202012Validator, FormatChecker
ModuleNotFoundError: No module named 'jsonschema'

======================================================================
ERROR: test_imported_effective_instances_have_configuration_implementation_and_sources (test_graph_resolution.GraphResolutionTests.test_imported_effective_instances_have_configuration_implementation_and_sources)
----------------------------------------------------------------------
Traceback (most recent call last):
  File "/workspace/scratch/e2e4042ea5fd/work/intune-iac/plugin_tests/test_graph_resolution.py", line 121, in test_imported_effective_instances_have_configuration_implementation_and_sources
    graph = self.graph()
            ^^^^^^^^^^^^
  File "/workspace/scratch/e2e4042ea5fd/work/intune-iac/plugin_tests/test_graph_resolution.py", line 36, in graph
    return build_graph(self.capture, atmos_root=self.root)
           ^^^^^^^^^^^^^^^^^^^^^^^^^^^^^^^^^^^^^^^^^^^^^^^
  File "/workspace/scratch/e2e4042ea5fd/work/intune-iac/intune_iac/graph.py", line 189, in build_graph
    inventory_complete = len(inventory)==1 and _policy_inventory_complete(inventory[0][1], production_capture)
                                               ^^^^^^^^^^^^^^^^^^^^^^^^^^^^^^^^^^^^^^^^^^^^^^^^^^^^^^^^^^^^^^^
  File "/workspace/scratch/e2e4042ea5fd/work/intune-iac/intune_iac/graph.py", line 85, in _policy_inventory_complete
    from reference.validation import capture_errors
  File "/workspace/scratch/e2e4042ea5fd/work/intune-iac/reference/validation.py", line 12, in <module>
    from jsonschema import Draft202012Validator, FormatChecker
ModuleNotFoundError: No module named 'jsonschema'

======================================================================
ERROR: test_inherited_dependency_override_uses_winning_source_and_skips_abstract_instance (test_graph_resolution.GraphResolutionTests.test_inherited_dependency_override_uses_winning_source_and_skips_abstract_instance)
----------------------------------------------------------------------
Traceback (most recent call last):
  File "/workspace/scratch/e2e4042ea5fd/work/intune-iac/plugin_tests/test_graph_resolution.py", line 268, in test_inherited_dependency_override_uses_winning_source_and_skips_abstract_instance
    graph = self.graph()
            ^^^^^^^^^^^^
  File "/workspace/scratch/e2e4042ea5fd/work/intune-iac/plugin_tests/test_graph_resolution.py", line 36, in graph
    return build_graph(self.capture, atmos_root=self.root)
           ^^^^^^^^^^^^^^^^^^^^^^^^^^^^^^^^^^^^^^^^^^^^^^^
  File "/workspace/scratch/e2e4042ea5fd/work/intune-iac/intune_iac/graph.py", line 189, in build_graph
    inventory_complete = len(inventory)==1 and _policy_inventory_complete(inventory[0][1], production_capture)
                                               ^^^^^^^^^^^^^^^^^^^^^^^^^^^^^^^^^^^^^^^^^^^^^^^^^^^^^^^^^^^^^^^
  File "/workspace/scratch/e2e4042ea5fd/work/intune-iac/intune_iac/graph.py", line 85, in _policy_inventory_complete
    from reference.validation import capture_errors
  File "/workspace/scratch/e2e4042ea5fd/work/intune-iac/reference/validation.py", line 12, in <module>
    from jsonschema import Draft202012Validator, FormatChecker
ModuleNotFoundError: No module named 'jsonschema'

======================================================================
ERROR: test_known_capture_adapter_preserves_direct_assignment_annotations (test_graph_resolution.GraphResolutionTests.test_known_capture_adapter_preserves_direct_assignment_annotations)
----------------------------------------------------------------------
Traceback (most recent call last):
  File "/workspace/scratch/e2e4042ea5fd/work/intune-iac/plugin_tests/test_graph_resolution.py", line 77, in test_known_capture_adapter_preserves_direct_assignment_annotations
    graph = self.graph()
            ^^^^^^^^^^^^
  File "/workspace/scratch/e2e4042ea5fd/work/intune-iac/plugin_tests/test_graph_resolution.py", line 36, in graph
    return build_graph(self.capture, atmos_root=self.root)
           ^^^^^^^^^^^^^^^^^^^^^^^^^^^^^^^^^^^^^^^^^^^^^^^
  File "/workspace/scratch/e2e4042ea5fd/work/intune-iac/intune_iac/graph.py", line 189, in build_graph
    inventory_complete = len(inventory)==1 and _policy_inventory_complete(inventory[0][1], production_capture)
                                               ^^^^^^^^^^^^^^^^^^^^^^^^^^^^^^^^^^^^^^^^^^^^^^^^^^^^^^^^^^^^^^^
  File "/workspace/scratch/e2e4042ea5fd/work/intune-iac/intune_iac/graph.py", line 85, in _policy_inventory_complete
    from reference.validation import capture_errors
  File "/workspace/scratch/e2e4042ea5fd/work/intune-iac/reference/validation.py", line 12, in <module>
    from jsonschema import Draft202012Validator, FormatChecker
ModuleNotFoundError: No module named 'jsonschema'

======================================================================
ERROR: test_known_capture_denied_assignments_remain_unknown (test_graph_resolution.GraphResolutionTests.test_known_capture_denied_assignments_remain_unknown)
----------------------------------------------------------------------
Traceback (most recent call last):
  File "/workspace/scratch/e2e4042ea5fd/work/intune-iac/plugin_tests/test_graph_resolution.py", line 112, in test_known_capture_denied_assignments_remain_unknown
    graph = self.graph()
            ^^^^^^^^^^^^
  File "/workspace/scratch/e2e4042ea5fd/work/intune-iac/plugin_tests/test_graph_resolution.py", line 36, in graph
    return build_graph(self.capture, atmos_root=self.root)
           ^^^^^^^^^^^^^^^^^^^^^^^^^^^^^^^^^^^^^^^^^^^^^^^
  File "/workspace/scratch/e2e4042ea5fd/work/intune-iac/intune_iac/graph.py", line 189, in build_graph
    inventory_complete = len(inventory)==1 and _policy_inventory_complete(inventory[0][1], production_capture)
                                               ^^^^^^^^^^^^^^^^^^^^^^^^^^^^^^^^^^^^^^^^^^^^^^^^^^^^^^^^^^^^^^^
  File "/workspace/scratch/e2e4042ea5fd/work/intune-iac/intune_iac/graph.py", line 85, in _policy_inventory_complete
    from reference.validation import capture_errors
  File "/workspace/scratch/e2e4042ea5fd/work/intune-iac/reference/validation.py", line 12, in <module>
    from jsonschema import Draft202012Validator, FormatChecker
ModuleNotFoundError: No module named 'jsonschema'

======================================================================
ERROR: test_known_capture_opaque_setting_and_nondirect_assignment_remain_safe (test_graph_resolution.GraphResolutionTests.test_known_capture_opaque_setting_and_nondirect_assignment_remain_safe)
----------------------------------------------------------------------
Traceback (most recent call last):
  File "/workspace/scratch/e2e4042ea5fd/work/intune-iac/plugin_tests/test_graph_resolution.py", line 99, in test_known_capture_opaque_setting_and_nondirect_assignment_remain_safe
    graph = self.graph()
            ^^^^^^^^^^^^
  File "/workspace/scratch/e2e4042ea5fd/work/intune-iac/plugin_tests/test_graph_resolution.py", line 36, in graph
    return build_graph(self.capture, atmos_root=self.root)
           ^^^^^^^^^^^^^^^^^^^^^^^^^^^^^^^^^^^^^^^^^^^^^^^
  File "/workspace/scratch/e2e4042ea5fd/work/intune-iac/intune_iac/graph.py", line 189, in build_graph
    inventory_complete = len(inventory)==1 and _policy_inventory_complete(inventory[0][1], production_capture)
                                               ^^^^^^^^^^^^^^^^^^^^^^^^^^^^^^^^^^^^^^^^^^^^^^^^^^^^^^^^^^^^^^^
  File "/workspace/scratch/e2e4042ea5fd/work/intune-iac/intune_iac/graph.py", line 85, in _policy_inventory_complete
    from reference.validation import capture_errors
  File "/workspace/scratch/e2e4042ea5fd/work/intune-iac/reference/validation.py", line 12, in <module>
    from jsonschema import Draft202012Validator, FormatChecker
ModuleNotFoundError: No module named 'jsonschema'

======================================================================
ERROR: test_same_physical_stack_dependency_requires_equal_known_context (test_graph_resolution.GraphResolutionTests.test_same_physical_stack_dependency_requires_equal_known_context) (stage='PRIVATE-DIFFERENT-STAGE')
----------------------------------------------------------------------
Traceback (most recent call last):
  File "/workspace/scratch/e2e4042ea5fd/work/intune-iac/plugin_tests/test_graph_resolution.py", line 239, in test_same_physical_stack_dependency_requires_equal_known_context
    graph = self.graph()
            ^^^^^^^^^^^^
  File "/workspace/scratch/e2e4042ea5fd/work/intune-iac/plugin_tests/test_graph_resolution.py", line 36, in graph
    return build_graph(self.capture, atmos_root=self.root)
           ^^^^^^^^^^^^^^^^^^^^^^^^^^^^^^^^^^^^^^^^^^^^^^^
  File "/workspace/scratch/e2e4042ea5fd/work/intune-iac/intune_iac/graph.py", line 189, in build_graph
    inventory_complete = len(inventory)==1 and _policy_inventory_complete(inventory[0][1], production_capture)
                                               ^^^^^^^^^^^^^^^^^^^^^^^^^^^^^^^^^^^^^^^^^^^^^^^^^^^^^^^^^^^^^^^
  File "/workspace/scratch/e2e4042ea5fd/work/intune-iac/intune_iac/graph.py", line 85, in _policy_inventory_complete
    from reference.validation import capture_errors
  File "/workspace/scratch/e2e4042ea5fd/work/intune-iac/reference/validation.py", line 12, in <module>
    from jsonschema import Draft202012Validator, FormatChecker
ModuleNotFoundError: No module named 'jsonschema'

======================================================================
ERROR: test_same_physical_stack_dependency_requires_equal_known_context (test_graph_resolution.GraphResolutionTests.test_same_physical_stack_dependency_requires_equal_known_context) (stage='null')
----------------------------------------------------------------------
Traceback (most recent call last):
  File "/workspace/scratch/e2e4042ea5fd/work/intune-iac/plugin_tests/test_graph_resolution.py", line 239, in test_same_physical_stack_dependency_requires_equal_known_context
    graph = self.graph()
            ^^^^^^^^^^^^
  File "/workspace/scratch/e2e4042ea5fd/work/intune-iac/plugin_tests/test_graph_resolution.py", line 36, in graph
    return build_graph(self.capture, atmos_root=self.root)
           ^^^^^^^^^^^^^^^^^^^^^^^^^^^^^^^^^^^^^^^^^^^^^^^
  File "/workspace/scratch/e2e4042ea5fd/work/intune-iac/intune_iac/graph.py", line 189, in build_graph
    inventory_complete = len(inventory)==1 and _policy_inventory_complete(inventory[0][1], production_capture)
                                               ^^^^^^^^^^^^^^^^^^^^^^^^^^^^^^^^^^^^^^^^^^^^^^^^^^^^^^^^^^^^^^^
  File "/workspace/scratch/e2e4042ea5fd/work/intune-iac/intune_iac/graph.py", line 85, in _policy_inventory_complete
    from reference.validation import capture_errors
  File "/workspace/scratch/e2e4042ea5fd/work/intune-iac/reference/validation.py", line 12, in <module>
    from jsonschema import Draft202012Validator, FormatChecker
ModuleNotFoundError: No module named 'jsonschema'

======================================================================
ERROR: test_same_physical_stack_dependency_requires_equal_known_context (test_graph_resolution.GraphResolutionTests.test_same_physical_stack_dependency_requires_equal_known_context) (stage='[PRIVATE-LIST-STAGE]')
----------------------------------------------------------------------
Traceback (most recent call last):
  File "/workspace/scratch/e2e4042ea5fd/work/intune-iac/plugin_tests/test_graph_resolution.py", line 239, in test_same_physical_stack_dependency_requires_equal_known_context
    graph = self.graph()
            ^^^^^^^^^^^^
  File "/workspace/scratch/e2e4042ea5fd/work/intune-iac/plugin_tests/test_graph_resolution.py", line 36, in graph
    return build_graph(self.capture, atmos_root=self.root)
           ^^^^^^^^^^^^^^^^^^^^^^^^^^^^^^^^^^^^^^^^^^^^^^^
  File "/workspace/scratch/e2e4042ea5fd/work/intune-iac/intune_iac/graph.py", line 189, in build_graph
    inventory_complete = len(inventory)==1 and _policy_inventory_complete(inventory[0][1], production_capture)
                                               ^^^^^^^^^^^^^^^^^^^^^^^^^^^^^^^^^^^^^^^^^^^^^^^^^^^^^^^^^^^^^^^
  File "/workspace/scratch/e2e4042ea5fd/work/intune-iac/intune_iac/graph.py", line 85, in _policy_inventory_complete
    from reference.validation import capture_errors
  File "/workspace/scratch/e2e4042ea5fd/work/intune-iac/reference/validation.py", line 12, in <module>
    from jsonschema import Draft202012Validator, FormatChecker
ModuleNotFoundError: No module named 'jsonschema'

======================================================================
ERROR: test_actual_wire_protocol_and_exact_rendered_binding (test_judge.JudgeTests.test_actual_wire_protocol_and_exact_rendered_binding)
----------------------------------------------------------------------
Traceback (most recent call last):
  File "/workspace/scratch/e2e4042ea5fd/work/intune-iac/plugin_tests/test_judge.py", line 58, in setUp
    self.server = ThreadingHTTPServer(("127.0.0.1", 0), Handler)
                  ^^^^^^^^^^^^^^^^^^^^^^^^^^^^^^^^^^^^^^^^^^^^^^
  File "/opt/codex/runtimes/codex-primary-runtime/dependencies/python/lib/python3.12/socketserver.py", line 453, in __init__
    self.socket = socket.socket(self.address_family,
                  ^^^^^^^^^^^^^^^^^^^^^^^^^^^^^^^^^^
  File "/opt/codex/runtimes/codex-primary-runtime/dependencies/python/lib/python3.12/socket.py", line 233, in __init__
    _socket.socket.__init__(self, family, type, proto, fileno)
PermissionError: [Errno 1] Operation not permitted

======================================================================
ERROR: test_changed_evidence_and_identity_change_receipt (test_judge.JudgeTests.test_changed_evidence_and_identity_change_receipt)
----------------------------------------------------------------------
Traceback (most recent call last):
  File "/workspace/scratch/e2e4042ea5fd/work/intune-iac/plugin_tests/test_judge.py", line 58, in setUp
    self.server = ThreadingHTTPServer(("127.0.0.1", 0), Handler)
                  ^^^^^^^^^^^^^^^^^^^^^^^^^^^^^^^^^^^^^^^^^^^^^^
  File "/opt/codex/runtimes/codex-primary-runtime/dependencies/python/lib/python3.12/socketserver.py", line 453, in __init__
    self.socket = socket.socket(self.address_family,
                  ^^^^^^^^^^^^^^^^^^^^^^^^^^^^^^^^^^
  File "/opt/codex/runtimes/codex-primary-runtime/dependencies/python/lib/python3.12/socket.py", line 233, in __init__
    _socket.socket.__init__(self, family, type, proto, fileno)
PermissionError: [Errno 1] Operation not permitted

======================================================================
ERROR: test_complex_nonjson_evidence_rejected_and_response_does_not_supply_proof (test_judge.JudgeTests.test_complex_nonjson_evidence_rejected_and_response_does_not_supply_proof)
----------------------------------------------------------------------
Traceback (most recent call last):
  File "/workspace/scratch/e2e4042ea5fd/work/intune-iac/plugin_tests/test_judge.py", line 58, in setUp
    self.server = ThreadingHTTPServer(("127.0.0.1", 0), Handler)
                  ^^^^^^^^^^^^^^^^^^^^^^^^^^^^^^^^^^^^^^^^^^^^^^
  File "/opt/codex/runtimes/codex-primary-runtime/dependencies/python/lib/python3.12/socketserver.py", line 453, in __init__
    self.socket = socket.socket(self.address_family,
                  ^^^^^^^^^^^^^^^^^^^^^^^^^^^^^^^^^^
  File "/opt/codex/runtimes/codex-primary-runtime/dependencies/python/lib/python3.12/socket.py", line 233, in __init__
    _socket.socket.__init__(self, family, type, proto, fileno)
PermissionError: [Errno 1] Operation not permitted

======================================================================
ERROR: test_contradiction_is_advisory (test_judge.JudgeTests.test_contradiction_is_advisory)
----------------------------------------------------------------------
Traceback (most recent call last):
  File "/workspace/scratch/e2e4042ea5fd/work/intune-iac/plugin_tests/test_judge.py", line 58, in setUp
    self.server = ThreadingHTTPServer(("127.0.0.1", 0), Handler)
                  ^^^^^^^^^^^^^^^^^^^^^^^^^^^^^^^^^^^^^^^^^^^^^^
  File "/opt/codex/runtimes/codex-primary-runtime/dependencies/python/lib/python3.12/socketserver.py", line 453, in __init__
    self.socket = socket.socket(self.address_family,
                  ^^^^^^^^^^^^^^^^^^^^^^^^^^^^^^^^^^
  File "/opt/codex/runtimes/codex-primary-runtime/dependencies/python/lib/python3.12/socket.py", line 233, in __init__
    _socket.socket.__init__(self, family, type, proto, fileno)
PermissionError: [Errno 1] Operation not permitted

======================================================================
ERROR: test_duplicate_nonfinite_oversize_and_invalid_json (test_judge.JudgeTests.test_duplicate_nonfinite_oversize_and_invalid_json)
----------------------------------------------------------------------
Traceback (most recent call last):
  File "/workspace/scratch/e2e4042ea5fd/work/intune-iac/plugin_tests/test_judge.py", line 58, in setUp
    self.server = ThreadingHTTPServer(("127.0.0.1", 0), Handler)
                  ^^^^^^^^^^^^^^^^^^^^^^^^^^^^^^^^^^^^^^^^^^^^^^
  File "/opt/codex/runtimes/codex-primary-runtime/dependencies/python/lib/python3.12/socketserver.py", line 453, in __init__
    self.socket = socket.socket(self.address_family,
                  ^^^^^^^^^^^^^^^^^^^^^^^^^^^^^^^^^^
  File "/opt/codex/runtimes/codex-primary-runtime/dependencies/python/lib/python3.12/socket.py", line 233, in __init__
    _socket.socket.__init__(self, family, type, proto, fileno)
PermissionError: [Errno 1] Operation not permitted

======================================================================
ERROR: test_head_changed_during_request_and_credential_errors_fail_safe (test_judge.JudgeTests.test_head_changed_during_request_and_credential_errors_fail_safe)
----------------------------------------------------------------------
Traceback (most recent call last):
  File "/workspace/scratch/e2e4042ea5fd/work/intune-iac/plugin_tests/test_judge.py", line 58, in setUp
    self.server = ThreadingHTTPServer(("127.0.0.1", 0), Handler)
                  ^^^^^^^^^^^^^^^^^^^^^^^^^^^^^^^^^^^^^^^^^^^^^^
  File "/opt/codex/runtimes/codex-primary-runtime/dependencies/python/lib/python3.12/socketserver.py", line 453, in __init__
    self.socket = socket.socket(self.address_family,
                  ^^^^^^^^^^^^^^^^^^^^^^^^^^^^^^^^^^
  File "/opt/codex/runtimes/codex-primary-runtime/dependencies/python/lib/python3.12/socket.py", line 233, in __init__
    _socket.socket.__init__(self, family, type, proto, fileno)
PermissionError: [Errno 1] Operation not permitted

======================================================================
ERROR: test_input_is_bounded_and_empty_claim_rejected (test_judge.JudgeTests.test_input_is_bounded_and_empty_claim_rejected)
----------------------------------------------------------------------
Traceback (most recent call last):
  File "/workspace/scratch/e2e4042ea5fd/work/intune-iac/plugin_tests/test_judge.py", line 58, in setUp
    self.server = ThreadingHTTPServer(("127.0.0.1", 0), Handler)
                  ^^^^^^^^^^^^^^^^^^^^^^^^^^^^^^^^^^^^^^^^^^^^^^
  File "/opt/codex/runtimes/codex-primary-runtime/dependencies/python/lib/python3.12/socketserver.py", line 453, in __init__
    self.socket = socket.socket(self.address_family,
                  ^^^^^^^^^^^^^^^^^^^^^^^^^^^^^^^^^^
  File "/opt/codex/runtimes/codex-primary-runtime/dependencies/python/lib/python3.12/socket.py", line 233, in __init__
    _socket.socket.__init__(self, family, type, proto, fileno)
PermissionError: [Errno 1] Operation not permitted

======================================================================
ERROR: test_malformed_distributions_never_pass (test_judge.JudgeTests.test_malformed_distributions_never_pass)
----------------------------------------------------------------------
Traceback (most recent call last):
  File "/workspace/scratch/e2e4042ea5fd/work/intune-iac/plugin_tests/test_judge.py", line 58, in setUp
    self.server = ThreadingHTTPServer(("127.0.0.1", 0), Handler)
                  ^^^^^^^^^^^^^^^^^^^^^^^^^^^^^^^^^^^^^^^^^^^^^^
  File "/opt/codex/runtimes/codex-primary-runtime/dependencies/python/lib/python3.12/socketserver.py", line 453, in __init__
    self.socket = socket.socket(self.address_family,
                  ^^^^^^^^^^^^^^^^^^^^^^^^^^^^^^^^^^
  File "/opt/codex/runtimes/codex-primary-runtime/dependencies/python/lib/python3.12/socket.py", line 233, in __init__
    _socket.socket.__init__(self, family, type, proto, fileno)
PermissionError: [Errno 1] Operation not permitted

======================================================================
ERROR: test_missing_local_artifact_and_unpinned_identity (test_judge.JudgeTests.test_missing_local_artifact_and_unpinned_identity)
----------------------------------------------------------------------
Traceback (most recent call last):
  File "/workspace/scratch/e2e4042ea5fd/work/intune-iac/plugin_tests/test_judge.py", line 58, in setUp
    self.server = ThreadingHTTPServer(("127.0.0.1", 0), Handler)
                  ^^^^^^^^^^^^^^^^^^^^^^^^^^^^^^^^^^^^^^^^^^^^^^
  File "/opt/codex/runtimes/codex-primary-runtime/dependencies/python/lib/python3.12/socketserver.py", line 453, in __init__
    self.socket = socket.socket(self.address_family,
                  ^^^^^^^^^^^^^^^^^^^^^^^^^^^^^^^^^^
  File "/opt/codex/runtimes/codex-primary-runtime/dependencies/python/lib/python3.12/socket.py", line 233, in __init__
    _socket.socket.__init__(self, family, type, proto, fileno)
PermissionError: [Errno 1] Operation not permitted

======================================================================
ERROR: test_no_silent_truncation_of_state_or_candidates (test_judge.JudgeTests.test_no_silent_truncation_of_state_or_candidates)
----------------------------------------------------------------------
Traceback (most recent call last):
  File "/workspace/scratch/e2e4042ea5fd/work/intune-iac/plugin_tests/test_judge.py", line 58, in setUp
    self.server = ThreadingHTTPServer(("127.0.0.1", 0), Handler)
                  ^^^^^^^^^^^^^^^^^^^^^^^^^^^^^^^^^^^^^^^^^^^^^^
  File "/opt/codex/runtimes/codex-primary-runtime/dependencies/python/lib/python3.12/socketserver.py", line 453, in __init__
    self.socket = socket.socket(self.address_family,
                  ^^^^^^^^^^^^^^^^^^^^^^^^^^^^^^^^^^
  File "/opt/codex/runtimes/codex-primary-runtime/dependencies/python/lib/python3.12/socket.py", line 233, in __init__
    _socket.socket.__init__(self, family, type, proto, fileno)
PermissionError: [Errno 1] Operation not permitted

======================================================================
ERROR: test_plaintext_remote_and_url_credentials_are_rejected_before_network (test_judge.JudgeTests.test_plaintext_remote_and_url_credentials_are_rejected_before_network)
----------------------------------------------------------------------
Traceback (most recent call last):
  File "/workspace/scratch/e2e4042ea5fd/work/intune-iac/plugin_tests/test_judge.py", line 58, in setUp
    self.server = ThreadingHTTPServer(("127.0.0.1", 0), Handler)
                  ^^^^^^^^^^^^^^^^^^^^^^^^^^^^^^^^^^^^^^^^^^^^^^
  File "/opt/codex/runtimes/codex-primary-runtime/dependencies/python/lib/python3.12/socketserver.py", line 453, in __init__
    self.socket = socket.socket(self.address_family,
                  ^^^^^^^^^^^^^^^^^^^^^^^^^^^^^^^^^^
  File "/opt/codex/runtimes/codex-primary-runtime/dependencies/python/lib/python3.12/socket.py", line 233, in __init__
    _socket.socket.__init__(self, family, type, proto, fileno)
PermissionError: [Errno 1] Operation not permitted

======================================================================
ERROR: test_redirect_never_receives_credentials (test_judge.JudgeTests.test_redirect_never_receives_credentials)
----------------------------------------------------------------------
Traceback (most recent call last):
  File "/workspace/scratch/e2e4042ea5fd/work/intune-iac/plugin_tests/test_judge.py", line 58, in setUp
    self.server = ThreadingHTTPServer(("127.0.0.1", 0), Handler)
                  ^^^^^^^^^^^^^^^^^^^^^^^^^^^^^^^^^^^^^^^^^^^^^^
  File "/opt/codex/runtimes/codex-primary-runtime/dependencies/python/lib/python3.12/socketserver.py", line 453, in __init__
    self.socket = socket.socket(self.address_family,
                  ^^^^^^^^^^^^^^^^^^^^^^^^^^^^^^^^^^
  File "/opt/codex/runtimes/codex-primary-runtime/dependencies/python/lib/python3.12/socket.py", line 233, in __init__
    _socket.socket.__init__(self, family, type, proto, fileno)
PermissionError: [Errno 1] Operation not permitted

======================================================================
ERROR: test_ties_and_uncertain_and_insufficient_abstain (test_judge.JudgeTests.test_ties_and_uncertain_and_insufficient_abstain)
----------------------------------------------------------------------
Traceback (most recent call last):
  File "/workspace/scratch/e2e4042ea5fd/work/intune-iac/plugin_tests/test_judge.py", line 58, in setUp
    self.server = ThreadingHTTPServer(("127.0.0.1", 0), Handler)
                  ^^^^^^^^^^^^^^^^^^^^^^^^^^^^^^^^^^^^^^^^^^^^^^
  File "/opt/codex/runtimes/codex-primary-runtime/dependencies/python/lib/python3.12/socketserver.py", line 453, in __init__
    self.socket = socket.socket(self.address_family,
                  ^^^^^^^^^^^^^^^^^^^^^^^^^^^^^^^^^^
  File "/opt/codex/runtimes/codex-primary-runtime/dependencies/python/lib/python3.12/socket.py", line 233, in __init__
    _socket.socket.__init__(self, family, type, proto, fileno)
PermissionError: [Errno 1] Operation not permitted

======================================================================
ERROR: test_timeout_and_http_error_and_unreachable (test_judge.JudgeTests.test_timeout_and_http_error_and_unreachable)
----------------------------------------------------------------------
Traceback (most recent call last):
  File "/workspace/scratch/e2e4042ea5fd/work/intune-iac/plugin_tests/test_judge.py", line 58, in setUp
    self.server = ThreadingHTTPServer(("127.0.0.1", 0), Handler)
                  ^^^^^^^^^^^^^^^^^^^^^^^^^^^^^^^^^^^^^^^^^^^^^^
  File "/opt/codex/runtimes/codex-primary-runtime/dependencies/python/lib/python3.12/socketserver.py", line 453, in __init__
    self.socket = socket.socket(self.address_family,
                  ^^^^^^^^^^^^^^^^^^^^^^^^^^^^^^^^^^
  File "/opt/codex/runtimes/codex-primary-runtime/dependencies/python/lib/python3.12/socket.py", line 233, in __init__
    _socket.socket.__init__(self, family, type, proto, fileno)
PermissionError: [Errno 1] Operation not permitted

======================================================================
ERROR: test_tokenizer_must_have_no_expanding_operations (test_judge.JudgeTests.test_tokenizer_must_have_no_expanding_operations)
----------------------------------------------------------------------
Traceback (most recent call last):
  File "/workspace/scratch/e2e4042ea5fd/work/intune-iac/plugin_tests/test_judge.py", line 58, in setUp
    self.server = ThreadingHTTPServer(("127.0.0.1", 0), Handler)
                  ^^^^^^^^^^^^^^^^^^^^^^^^^^^^^^^^^^^^^^^^^^^^^^
  File "/opt/codex/runtimes/codex-primary-runtime/dependencies/python/lib/python3.12/socketserver.py", line 453, in __init__
    self.socket = socket.socket(self.address_family,
                  ^^^^^^^^^^^^^^^^^^^^^^^^^^^^^^^^^^
  File "/opt/codex/runtimes/codex-primary-runtime/dependencies/python/lib/python3.12/socket.py", line 233, in __init__
    _socket.socket.__init__(self, family, type, proto, fileno)
PermissionError: [Errno 1] Operation not permitted

======================================================================
ERROR: test_unsupported_tokenizer_and_changed_pins_prevent_http (test_judge.JudgeTests.test_unsupported_tokenizer_and_changed_pins_prevent_http)
----------------------------------------------------------------------
Traceback (most recent call last):
  File "/workspace/scratch/e2e4042ea5fd/work/intune-iac/plugin_tests/test_judge.py", line 58, in setUp
    self.server = ThreadingHTTPServer(("127.0.0.1", 0), Handler)
                  ^^^^^^^^^^^^^^^^^^^^^^^^^^^^^^^^^^^^^^^^^^^^^^
  File "/opt/codex/runtimes/codex-primary-runtime/dependencies/python/lib/python3.12/socketserver.py", line 453, in __init__
    self.socket = socket.socket(self.address_family,
                  ^^^^^^^^^^^^^^^^^^^^^^^^^^^^^^^^^^
  File "/opt/codex/runtimes/codex-primary-runtime/dependencies/python/lib/python3.12/socket.py", line 233, in __init__
    _socket.socket.__init__(self, family, type, proto, fileno)
PermissionError: [Errno 1] Operation not permitted

======================================================================
ERROR: test_wrong_model_question_id_and_choice_are_rejected (test_judge.JudgeTests.test_wrong_model_question_id_and_choice_are_rejected)
----------------------------------------------------------------------
Traceback (most recent call last):
  File "/workspace/scratch/e2e4042ea5fd/work/intune-iac/plugin_tests/test_judge.py", line 58, in setUp
    self.server = ThreadingHTTPServer(("127.0.0.1", 0), Handler)
                  ^^^^^^^^^^^^^^^^^^^^^^^^^^^^^^^^^^^^^^^^^^^^^^
  File "/opt/codex/runtimes/codex-primary-runtime/dependencies/python/lib/python3.12/socketserver.py", line 453, in __init__
    self.socket = socket.socket(self.address_family,
                  ^^^^^^^^^^^^^^^^^^^^^^^^^^^^^^^^^^
  File "/opt/codex/runtimes/codex-primary-runtime/dependencies/python/lib/python3.12/socket.py", line 233, in __init__
    _socket.socket.__init__(self, family, type, proto, fileno)
PermissionError: [Errno 1] Operation not permitted

======================================================================
ERROR: test_malformed_dependency_collection_remains_visible_for_selected_component (test_lab_audit_regressions.LocalLabAuditRegressions.test_malformed_dependency_collection_remains_visible_for_selected_component) (scope='root')
----------------------------------------------------------------------
Traceback (most recent call last):
  File "/workspace/scratch/e2e4042ea5fd/work/intune-iac/plugin_tests/test_lab_audit_regressions.py", line 136, in test_malformed_dependency_collection_remains_visible_for_selected_component
    graph = build_graph(PROJECT / 'examples/supported/input/export.json',
            ^^^^^^^^^^^^^^^^^^^^^^^^^^^^^^^^^^^^^^^^^^^^^^^^^^^^^^^^^^^^^
  File "/workspace/scratch/e2e4042ea5fd/work/intune-iac/intune_iac/graph.py", line 189, in build_graph
    inventory_complete = len(inventory)==1 and _policy_inventory_complete(inventory[0][1], production_capture)
                                               ^^^^^^^^^^^^^^^^^^^^^^^^^^^^^^^^^^^^^^^^^^^^^^^^^^^^^^^^^^^^^^^
  File "/workspace/scratch/e2e4042ea5fd/work/intune-iac/intune_iac/graph.py", line 85, in _policy_inventory_complete
    from reference.validation import capture_errors
  File "/workspace/scratch/e2e4042ea5fd/work/intune-iac/reference/validation.py", line 12, in <module>
    from jsonschema import Draft202012Validator, FormatChecker
ModuleNotFoundError: No module named 'jsonschema'

======================================================================
ERROR: test_malformed_dependency_collection_remains_visible_for_selected_component (test_lab_audit_regressions.LocalLabAuditRegressions.test_malformed_dependency_collection_remains_visible_for_selected_component) (scope='type')
----------------------------------------------------------------------
Traceback (most recent call last):
  File "/workspace/scratch/e2e4042ea5fd/work/intune-iac/plugin_tests/test_lab_audit_regressions.py", line 136, in test_malformed_dependency_collection_remains_visible_for_selected_component
    graph = build_graph(PROJECT / 'examples/supported/input/export.json',
            ^^^^^^^^^^^^^^^^^^^^^^^^^^^^^^^^^^^^^^^^^^^^^^^^^^^^^^^^^^^^^
  File "/workspace/scratch/e2e4042ea5fd/work/intune-iac/intune_iac/graph.py", line 189, in build_graph
    inventory_complete = len(inventory)==1 and _policy_inventory_complete(inventory[0][1], production_capture)
                                               ^^^^^^^^^^^^^^^^^^^^^^^^^^^^^^^^^^^^^^^^^^^^^^^^^^^^^^^^^^^^^^^
  File "/workspace/scratch/e2e4042ea5fd/work/intune-iac/intune_iac/graph.py", line 85, in _policy_inventory_complete
    from reference.validation import capture_errors
  File "/workspace/scratch/e2e4042ea5fd/work/intune-iac/reference/validation.py", line 12, in <module>
    from jsonschema import Draft202012Validator, FormatChecker
ModuleNotFoundError: No module named 'jsonschema'

======================================================================
ERROR: test_malformed_dependency_collection_remains_visible_for_selected_component (test_lab_audit_regressions.LocalLabAuditRegressions.test_malformed_dependency_collection_remains_visible_for_selected_component) (scope='component')
----------------------------------------------------------------------
Traceback (most recent call last):
  File "/workspace/scratch/e2e4042ea5fd/work/intune-iac/plugin_tests/test_lab_audit_regressions.py", line 136, in test_malformed_dependency_collection_remains_visible_for_selected_component
    graph = build_graph(PROJECT / 'examples/supported/input/export.json',
            ^^^^^^^^^^^^^^^^^^^^^^^^^^^^^^^^^^^^^^^^^^^^^^^^^^^^^^^^^^^^^
  File "/workspace/scratch/e2e4042ea5fd/work/intune-iac/intune_iac/graph.py", line 189, in build_graph
    inventory_complete = len(inventory)==1 and _policy_inventory_complete(inventory[0][1], production_capture)
                                               ^^^^^^^^^^^^^^^^^^^^^^^^^^^^^^^^^^^^^^^^^^^^^^^^^^^^^^^^^^^^^^^
  File "/workspace/scratch/e2e4042ea5fd/work/intune-iac/intune_iac/graph.py", line 85, in _policy_inventory_complete
    from reference.validation import capture_errors
  File "/workspace/scratch/e2e4042ea5fd/work/intune-iac/reference/validation.py", line 12, in <module>
    from jsonschema import Draft202012Validator, FormatChecker
ModuleNotFoundError: No module named 'jsonschema'

======================================================================
ERROR: test_duplicate_json_member_rejected_even_if_last_value_correct (test_oracle_edge_types.OracleArtifactEdgeTests.test_duplicate_json_member_rejected_even_if_last_value_correct)
----------------------------------------------------------------------
Traceback (most recent call last):
  File "/workspace/scratch/e2e4042ea5fd/work/intune-iac/plugin_tests/test_oracle_edge_types.py", line 16, in setUp
    self.normalized = normalize(self.source, self.context['selected_policy_id'], self.context['tenant_id'])
                      ^^^^^^^^^^^^^^^^^^^^^^^^^^^^^^^^^^^^^^^^^^^^^^^^^^^^^^^^^^^^^^^^^^^^^^^^^^^^^^^^^^^^^
  File "/workspace/scratch/e2e4042ea5fd/work/intune-iac/reference/core.py", line 135, in normalize
    from .validation import schema_errors, provider_settings, capability_errors, capture_errors, reference_errors
  File "/workspace/scratch/e2e4042ea5fd/work/intune-iac/reference/validation.py", line 12, in <module>
    from jsonschema import Draft202012Validator, FormatChecker
ModuleNotFoundError: No module named 'jsonschema'

======================================================================
ERROR: test_numeric_command_effect_is_not_boolean (test_oracle_edge_types.OracleArtifactEdgeTests.test_numeric_command_effect_is_not_boolean)
----------------------------------------------------------------------
Traceback (most recent call last):
  File "/workspace/scratch/e2e4042ea5fd/work/intune-iac/plugin_tests/test_oracle_edge_types.py", line 16, in setUp
    self.normalized = normalize(self.source, self.context['selected_policy_id'], self.context['tenant_id'])
                      ^^^^^^^^^^^^^^^^^^^^^^^^^^^^^^^^^^^^^^^^^^^^^^^^^^^^^^^^^^^^^^^^^^^^^^^^^^^^^^^^^^^^^
  File "/workspace/scratch/e2e4042ea5fd/work/intune-iac/reference/core.py", line 135, in normalize
    from .validation import schema_errors, provider_settings, capability_errors, capture_errors, reference_errors
  File "/workspace/scratch/e2e4042ea5fd/work/intune-iac/reference/validation.py", line 12, in <module>
    from jsonschema import Draft202012Validator, FormatChecker
ModuleNotFoundError: No module named 'jsonschema'

======================================================================
ERROR: test_unmodified_control (test_oracle_edge_types.OracleArtifactEdgeTests.test_unmodified_control)
----------------------------------------------------------------------
Traceback (most recent call last):
  File "/workspace/scratch/e2e4042ea5fd/work/intune-iac/plugin_tests/test_oracle_edge_types.py", line 16, in setUp
    self.normalized = normalize(self.source, self.context['selected_policy_id'], self.context['tenant_id'])
                      ^^^^^^^^^^^^^^^^^^^^^^^^^^^^^^^^^^^^^^^^^^^^^^^^^^^^^^^^^^^^^^^^^^^^^^^^^^^^^^^^^^^^^
  File "/workspace/scratch/e2e4042ea5fd/work/intune-iac/reference/core.py", line 135, in normalize
    from .validation import schema_errors, provider_settings, capability_errors, capture_errors, reference_errors
  File "/workspace/scratch/e2e4042ea5fd/work/intune-iac/reference/validation.py", line 12, in <module>
    from jsonschema import Draft202012Validator, FormatChecker
ModuleNotFoundError: No module named 'jsonschema'

======================================================================
ERROR: test_yaml_zero_is_not_boolean_false (test_oracle_edge_types.OracleArtifactEdgeTests.test_yaml_zero_is_not_boolean_false)
----------------------------------------------------------------------
Traceback (most recent call last):
  File "/workspace/scratch/e2e4042ea5fd/work/intune-iac/plugin_tests/test_oracle_edge_types.py", line 16, in setUp
    self.normalized = normalize(self.source, self.context['selected_policy_id'], self.context['tenant_id'])
                      ^^^^^^^^^^^^^^^^^^^^^^^^^^^^^^^^^^^^^^^^^^^^^^^^^^^^^^^^^^^^^^^^^^^^^^^^^^^^^^^^^^^^^
  File "/workspace/scratch/e2e4042ea5fd/work/intune-iac/reference/core.py", line 135, in normalize
    from .validation import schema_errors, provider_settings, capability_errors, capture_errors, reference_errors
  File "/workspace/scratch/e2e4042ea5fd/work/intune-iac/reference/validation.py", line 12, in <module>
    from jsonschema import Draft202012Validator, FormatChecker
ModuleNotFoundError: No module named 'jsonschema'

======================================================================
ERROR: test_independent_oracle_rejects_promoted_duplicate_uuid_capture (test_preservation_audit.PreservationAuditTests.test_independent_oracle_rejects_promoted_duplicate_uuid_capture)
----------------------------------------------------------------------
Traceback (most recent call last):
  File "/workspace/scratch/e2e4042ea5fd/work/intune-iac/plugin_tests/test_preservation_audit.py", line 82, in test_independent_oracle_rejects_promoted_duplicate_uuid_capture
    normalized = normalize_reference(source, context['selected_policy_id'], context['tenant_id'])
                 ^^^^^^^^^^^^^^^^^^^^^^^^^^^^^^^^^^^^^^^^^^^^^^^^^^^^^^^^^^^^^^^^^^^^^^^^^^^^^^^^
  File "/workspace/scratch/e2e4042ea5fd/work/intune-iac/reference/core.py", line 135, in normalize
    from .validation import schema_errors, provider_settings, capability_errors, capture_errors, reference_errors
  File "/workspace/scratch/e2e4042ea5fd/work/intune-iac/reference/validation.py", line 12, in <module>
    from jsonschema import Draft202012Validator, FormatChecker
ModuleNotFoundError: No module named 'jsonschema'

======================================================================
ERROR: test_node_budget_rejects_before_lineage_or_output_allocation (test_preservation_audit.PreservationAuditTests.test_node_budget_rejects_before_lineage_or_output_allocation)
----------------------------------------------------------------------
Traceback (most recent call last):
  File "/workspace/scratch/e2e4042ea5fd/work/intune-iac/plugin_tests/test_preservation_audit.py", line 113, in test_node_budget_rejects_before_lineage_or_output_allocation
    generate(source_path, context_path, output)
  File "/workspace/scratch/e2e4042ea5fd/work/intune-iac/intune_iac/engine.py", line 131, in generate
    raw, context_raw, source, context, normalized = _prepare(input_path, context_path)
                                                    ^^^^^^^^^^^^^^^^^^^^^^^^^^^^^^^^^^
  File "/workspace/scratch/e2e4042ea5fd/work/intune-iac/intune_iac/engine.py", line 14, in _prepare
    from reference.validation import schema_errors
  File "/workspace/scratch/e2e4042ea5fd/work/intune-iac/reference/validation.py", line 12, in <module>
    from jsonschema import Draft202012Validator, FormatChecker
ModuleNotFoundError: No module named 'jsonschema'

======================================================================
ERROR: test_production_lineage_schema_and_destinations_hold_when_blocked (test_preservation_audit.PreservationAuditTests.test_production_lineage_schema_and_destinations_hold_when_blocked)
----------------------------------------------------------------------
Traceback (most recent call last):
  File "/workspace/scratch/e2e4042ea5fd/work/intune-iac/plugin_tests/test_preservation_audit.py", line 143, in test_production_lineage_schema_and_destinations_hold_when_blocked
    from jsonschema import Draft202012Validator
ModuleNotFoundError: No module named 'jsonschema'

======================================================================
ERROR: test_synthetic_assignment_flag_disagreement_blocks_active_output (test_preservation_audit.PreservationAuditTests.test_synthetic_assignment_flag_disagreement_blocks_active_output)
----------------------------------------------------------------------
Traceback (most recent call last):
  File "/workspace/scratch/e2e4042ea5fd/work/intune-iac/plugin_tests/test_preservation_audit.py", line 43, in test_synthetic_assignment_flag_disagreement_blocks_active_output
    self.synthetic(lambda s: s['collections'][0]['pages'][0]['body']['value'][0].update(isAssigned=False))
  File "/workspace/scratch/e2e4042ea5fd/work/intune-iac/plugin_tests/test_preservation_audit.py", line 25, in synthetic
    result = inspect_source(path, context)
             ^^^^^^^^^^^^^^^^^^^^^^^^^^^^^
  File "/workspace/scratch/e2e4042ea5fd/work/intune-iac/intune_iac/engine.py", line 39, in inspect_source
    raw, context_raw, source, context, normalized = _prepare(input_path, context_path)
                                                    ^^^^^^^^^^^^^^^^^^^^^^^^^^^^^^^^^^
  File "/workspace/scratch/e2e4042ea5fd/work/intune-iac/intune_iac/engine.py", line 14, in _prepare
    from reference.validation import schema_errors
  File "/workspace/scratch/e2e4042ea5fd/work/intune-iac/reference/validation.py", line 12, in <module>
    from jsonschema import Draft202012Validator, FormatChecker
ModuleNotFoundError: No module named 'jsonschema'

======================================================================
ERROR: test_synthetic_contradictory_count_blocks_active_output (test_preservation_audit.PreservationAuditTests.test_synthetic_contradictory_count_blocks_active_output) (kind=0)
----------------------------------------------------------------------
Traceback (most recent call last):
  File "/workspace/scratch/e2e4042ea5fd/work/intune-iac/plugin_tests/test_preservation_audit.py", line 35, in test_synthetic_contradictory_count_blocks_active_output
    self.synthetic(lambda s: s['collections'][kind]['pages'][0]['body'].update({'@odata.count':99}))
  File "/workspace/scratch/e2e4042ea5fd/work/intune-iac/plugin_tests/test_preservation_audit.py", line 25, in synthetic
    result = inspect_source(path, context)
             ^^^^^^^^^^^^^^^^^^^^^^^^^^^^^
  File "/workspace/scratch/e2e4042ea5fd/work/intune-iac/intune_iac/engine.py", line 39, in inspect_source
    raw, context_raw, source, context, normalized = _prepare(input_path, context_path)
                                                    ^^^^^^^^^^^^^^^^^^^^^^^^^^^^^^^^^^
  File "/workspace/scratch/e2e4042ea5fd/work/intune-iac/intune_iac/engine.py", line 14, in _prepare
    from reference.validation import schema_errors
  File "/workspace/scratch/e2e4042ea5fd/work/intune-iac/reference/validation.py", line 12, in <module>
    from jsonschema import Draft202012Validator, FormatChecker
ModuleNotFoundError: No module named 'jsonschema'

======================================================================
ERROR: test_synthetic_contradictory_count_blocks_active_output (test_preservation_audit.PreservationAuditTests.test_synthetic_contradictory_count_blocks_active_output) (kind=1)
----------------------------------------------------------------------
Traceback (most recent call last):
  File "/workspace/scratch/e2e4042ea5fd/work/intune-iac/plugin_tests/test_preservation_audit.py", line 35, in test_synthetic_contradictory_count_blocks_active_output
    self.synthetic(lambda s: s['collections'][kind]['pages'][0]['body'].update({'@odata.count':99}))
  File "/workspace/scratch/e2e4042ea5fd/work/intune-iac/plugin_tests/test_preservation_audit.py", line 25, in synthetic
    result = inspect_source(path, context)
             ^^^^^^^^^^^^^^^^^^^^^^^^^^^^^
  File "/workspace/scratch/e2e4042ea5fd/work/intune-iac/intune_iac/engine.py", line 39, in inspect_source
    raw, context_raw, source, context, normalized = _prepare(input_path, context_path)
                                                    ^^^^^^^^^^^^^^^^^^^^^^^^^^^^^^^^^^
  File "/workspace/scratch/e2e4042ea5fd/work/intune-iac/intune_iac/engine.py", line 14, in _prepare
    from reference.validation import schema_errors
  File "/workspace/scratch/e2e4042ea5fd/work/intune-iac/reference/validation.py", line 12, in <module>
    from jsonschema import Draft202012Validator, FormatChecker
ModuleNotFoundError: No module named 'jsonschema'

======================================================================
ERROR: test_synthetic_contradictory_count_blocks_active_output (test_preservation_audit.PreservationAuditTests.test_synthetic_contradictory_count_blocks_active_output) (kind=2)
----------------------------------------------------------------------
Traceback (most recent call last):
  File "/workspace/scratch/e2e4042ea5fd/work/intune-iac/plugin_tests/test_preservation_audit.py", line 35, in test_synthetic_contradictory_count_blocks_active_output
    self.synthetic(lambda s: s['collections'][kind]['pages'][0]['body'].update({'@odata.count':99}))
  File "/workspace/scratch/e2e4042ea5fd/work/intune-iac/plugin_tests/test_preservation_audit.py", line 25, in synthetic
    result = inspect_source(path, context)
             ^^^^^^^^^^^^^^^^^^^^^^^^^^^^^
  File "/workspace/scratch/e2e4042ea5fd/work/intune-iac/intune_iac/engine.py", line 39, in inspect_source
    raw, context_raw, source, context, normalized = _prepare(input_path, context_path)
                                                    ^^^^^^^^^^^^^^^^^^^^^^^^^^^^^^^^^^
  File "/workspace/scratch/e2e4042ea5fd/work/intune-iac/intune_iac/engine.py", line 14, in _prepare
    from reference.validation import schema_errors
  File "/workspace/scratch/e2e4042ea5fd/work/intune-iac/reference/validation.py", line 12, in <module>
    from jsonschema import Draft202012Validator, FormatChecker
ModuleNotFoundError: No module named 'jsonschema'

======================================================================
ERROR: test_synthetic_malformed_count_blocks_active_output (test_preservation_audit.PreservationAuditTests.test_synthetic_malformed_count_blocks_active_output) (count=True)
----------------------------------------------------------------------
Traceback (most recent call last):
  File "/workspace/scratch/e2e4042ea5fd/work/intune-iac/plugin_tests/test_preservation_audit.py", line 40, in test_synthetic_malformed_count_blocks_active_output
    self.synthetic(lambda s: s['collections'][2]['pages'][0]['body'].update({'@odata.count':count}))
  File "/workspace/scratch/e2e4042ea5fd/work/intune-iac/plugin_tests/test_preservation_audit.py", line 25, in synthetic
    result = inspect_source(path, context)
             ^^^^^^^^^^^^^^^^^^^^^^^^^^^^^
  File "/workspace/scratch/e2e4042ea5fd/work/intune-iac/intune_iac/engine.py", line 39, in inspect_source
    raw, context_raw, source, context, normalized = _prepare(input_path, context_path)
                                                    ^^^^^^^^^^^^^^^^^^^^^^^^^^^^^^^^^^
  File "/workspace/scratch/e2e4042ea5fd/work/intune-iac/intune_iac/engine.py", line 14, in _prepare
    from reference.validation import schema_errors
  File "/workspace/scratch/e2e4042ea5fd/work/intune-iac/reference/validation.py", line 12, in <module>
    from jsonschema import Draft202012Validator, FormatChecker
ModuleNotFoundError: No module named 'jsonschema'

======================================================================
ERROR: test_synthetic_malformed_count_blocks_active_output (test_preservation_audit.PreservationAuditTests.test_synthetic_malformed_count_blocks_active_output) (count='3')
----------------------------------------------------------------------
Traceback (most recent call last):
  File "/workspace/scratch/e2e4042ea5fd/work/intune-iac/plugin_tests/test_preservation_audit.py", line 40, in test_synthetic_malformed_count_blocks_active_output
    self.synthetic(lambda s: s['collections'][2]['pages'][0]['body'].update({'@odata.count':count}))
  File "/workspace/scratch/e2e4042ea5fd/work/intune-iac/plugin_tests/test_preservation_audit.py", line 25, in synthetic
    result = inspect_source(path, context)
             ^^^^^^^^^^^^^^^^^^^^^^^^^^^^^
  File "/workspace/scratch/e2e4042ea5fd/work/intune-iac/intune_iac/engine.py", line 39, in inspect_source
    raw, context_raw, source, context, normalized = _prepare(input_path, context_path)
                                                    ^^^^^^^^^^^^^^^^^^^^^^^^^^^^^^^^^^
  File "/workspace/scratch/e2e4042ea5fd/work/intune-iac/intune_iac/engine.py", line 14, in _prepare
    from reference.validation import schema_errors
  File "/workspace/scratch/e2e4042ea5fd/work/intune-iac/reference/validation.py", line 12, in <module>
    from jsonschema import Draft202012Validator, FormatChecker
ModuleNotFoundError: No module named 'jsonschema'

======================================================================
ERROR: test_synthetic_malformed_count_blocks_active_output (test_preservation_audit.PreservationAuditTests.test_synthetic_malformed_count_blocks_active_output) (count=-1)
----------------------------------------------------------------------
Traceback (most recent call last):
  File "/workspace/scratch/e2e4042ea5fd/work/intune-iac/plugin_tests/test_preservation_audit.py", line 40, in test_synthetic_malformed_count_blocks_active_output
    self.synthetic(lambda s: s['collections'][2]['pages'][0]['body'].update({'@odata.count':count}))
  File "/workspace/scratch/e2e4042ea5fd/work/intune-iac/plugin_tests/test_preservation_audit.py", line 25, in synthetic
    result = inspect_source(path, context)
             ^^^^^^^^^^^^^^^^^^^^^^^^^^^^^
  File "/workspace/scratch/e2e4042ea5fd/work/intune-iac/intune_iac/engine.py", line 39, in inspect_source
    raw, context_raw, source, context, normalized = _prepare(input_path, context_path)
                                                    ^^^^^^^^^^^^^^^^^^^^^^^^^^^^^^^^^^
  File "/workspace/scratch/e2e4042ea5fd/work/intune-iac/intune_iac/engine.py", line 14, in _prepare
    from reference.validation import schema_errors
  File "/workspace/scratch/e2e4042ea5fd/work/intune-iac/reference/validation.py", line 12, in <module>
    from jsonschema import Draft202012Validator, FormatChecker
ModuleNotFoundError: No module named 'jsonschema'

======================================================================
ERROR: test_synthetic_malformed_count_blocks_active_output (test_preservation_audit.PreservationAuditTests.test_synthetic_malformed_count_blocks_active_output) (count=None)
----------------------------------------------------------------------
Traceback (most recent call last):
  File "/workspace/scratch/e2e4042ea5fd/work/intune-iac/plugin_tests/test_preservation_audit.py", line 40, in test_synthetic_malformed_count_blocks_active_output
    self.synthetic(lambda s: s['collections'][2]['pages'][0]['body'].update({'@odata.count':count}))
  File "/workspace/scratch/e2e4042ea5fd/work/intune-iac/plugin_tests/test_preservation_audit.py", line 25, in synthetic
    result = inspect_source(path, context)
             ^^^^^^^^^^^^^^^^^^^^^^^^^^^^^
  File "/workspace/scratch/e2e4042ea5fd/work/intune-iac/intune_iac/engine.py", line 39, in inspect_source
    raw, context_raw, source, context, normalized = _prepare(input_path, context_path)
                                                    ^^^^^^^^^^^^^^^^^^^^^^^^^^^^^^^^^^
  File "/workspace/scratch/e2e4042ea5fd/work/intune-iac/intune_iac/engine.py", line 14, in _prepare
    from reference.validation import schema_errors
  File "/workspace/scratch/e2e4042ea5fd/work/intune-iac/reference/validation.py", line 12, in <module>
    from jsonschema import Draft202012Validator, FormatChecker
ModuleNotFoundError: No module named 'jsonschema'

======================================================================
ERROR: test_synthetic_uuid_case_does_not_hide_duplicate_assignment_targets (test_preservation_audit.PreservationAuditTests.test_synthetic_uuid_case_does_not_hide_duplicate_assignment_targets)
----------------------------------------------------------------------
Traceback (most recent call last):
  File "/workspace/scratch/e2e4042ea5fd/work/intune-iac/plugin_tests/test_preservation_audit.py", line 72, in test_synthetic_uuid_case_does_not_hide_duplicate_assignment_targets
    result = self.synthetic(mutate)
             ^^^^^^^^^^^^^^^^^^^^^^
  File "/workspace/scratch/e2e4042ea5fd/work/intune-iac/plugin_tests/test_preservation_audit.py", line 25, in synthetic
    result = inspect_source(path, context)
             ^^^^^^^^^^^^^^^^^^^^^^^^^^^^^
  File "/workspace/scratch/e2e4042ea5fd/work/intune-iac/intune_iac/engine.py", line 39, in inspect_source
    raw, context_raw, source, context, normalized = _prepare(input_path, context_path)
                                                    ^^^^^^^^^^^^^^^^^^^^^^^^^^^^^^^^^^
  File "/workspace/scratch/e2e4042ea5fd/work/intune-iac/intune_iac/engine.py", line 14, in _prepare
    from reference.validation import schema_errors
  File "/workspace/scratch/e2e4042ea5fd/work/intune-iac/reference/validation.py", line 12, in <module>
    from jsonschema import Draft202012Validator, FormatChecker
ModuleNotFoundError: No module named 'jsonschema'

======================================================================
ERROR: test_synthetic_uuid_case_does_not_hide_duplicate_observations (test_preservation_audit.PreservationAuditTests.test_synthetic_uuid_case_does_not_hide_duplicate_observations) (case='assignment_identity')
----------------------------------------------------------------------
Traceback (most recent call last):
  File "/workspace/scratch/e2e4042ea5fd/work/intune-iac/plugin_tests/test_preservation_audit.py", line 56, in test_synthetic_uuid_case_does_not_hide_duplicate_observations
    result = self.synthetic(mutate)
             ^^^^^^^^^^^^^^^^^^^^^^
  File "/workspace/scratch/e2e4042ea5fd/work/intune-iac/plugin_tests/test_preservation_audit.py", line 25, in synthetic
    result = inspect_source(path, context)
             ^^^^^^^^^^^^^^^^^^^^^^^^^^^^^
  File "/workspace/scratch/e2e4042ea5fd/work/intune-iac/intune_iac/engine.py", line 39, in inspect_source
    raw, context_raw, source, context, normalized = _prepare(input_path, context_path)
                                                    ^^^^^^^^^^^^^^^^^^^^^^^^^^^^^^^^^^
  File "/workspace/scratch/e2e4042ea5fd/work/intune-iac/intune_iac/engine.py", line 14, in _prepare
    from reference.validation import schema_errors
  File "/workspace/scratch/e2e4042ea5fd/work/intune-iac/reference/validation.py", line 12, in <module>
    from jsonschema import Draft202012Validator, FormatChecker
ModuleNotFoundError: No module named 'jsonschema'

======================================================================
ERROR: test_synthetic_uuid_case_does_not_hide_duplicate_observations (test_preservation_audit.PreservationAuditTests.test_synthetic_uuid_case_does_not_hide_duplicate_observations) (case='unselected_policy_identity')
----------------------------------------------------------------------
Traceback (most recent call last):
  File "/workspace/scratch/e2e4042ea5fd/work/intune-iac/plugin_tests/test_preservation_audit.py", line 56, in test_synthetic_uuid_case_does_not_hide_duplicate_observations
    result = self.synthetic(mutate)
             ^^^^^^^^^^^^^^^^^^^^^^
  File "/workspace/scratch/e2e4042ea5fd/work/intune-iac/plugin_tests/test_preservation_audit.py", line 25, in synthetic
    result = inspect_source(path, context)
             ^^^^^^^^^^^^^^^^^^^^^^^^^^^^^
  File "/workspace/scratch/e2e4042ea5fd/work/intune-iac/intune_iac/engine.py", line 39, in inspect_source
    raw, context_raw, source, context, normalized = _prepare(input_path, context_path)
                                                    ^^^^^^^^^^^^^^^^^^^^^^^^^^^^^^^^^^
  File "/workspace/scratch/e2e4042ea5fd/work/intune-iac/intune_iac/engine.py", line 14, in _prepare
    from reference.validation import schema_errors
  File "/workspace/scratch/e2e4042ea5fd/work/intune-iac/reference/validation.py", line 12, in <module>
    from jsonschema import Draft202012Validator, FormatChecker
ModuleNotFoundError: No module named 'jsonschema'

======================================================================
ERROR: test_assignment_flag_contradiction_blocks_candidate (test_production.ProductionTests.test_assignment_flag_contradiction_blocks_candidate)
----------------------------------------------------------------------
Traceback (most recent call last):
  File "/workspace/scratch/e2e4042ea5fd/work/intune-iac/plugin_tests/test_production.py", line 127, in test_assignment_flag_contradiction_blocks_candidate
    review,_,_,_,_=self.run_engine(source,context)
                   ^^^^^^^^^^^^^^^^^^^^^^^^^^^^^^^
  File "/workspace/scratch/e2e4042ea5fd/work/intune-iac/plugin_tests/test_production.py", line 38, in run_engine
    review = inspect_source(src,ctx)
             ^^^^^^^^^^^^^^^^^^^^^^^
  File "/workspace/scratch/e2e4042ea5fd/work/intune-iac/intune_iac/engine.py", line 39, in inspect_source
    raw, context_raw, source, context, normalized = _prepare(input_path, context_path)
                                                    ^^^^^^^^^^^^^^^^^^^^^^^^^^^^^^^^^^
  File "/workspace/scratch/e2e4042ea5fd/work/intune-iac/intune_iac/engine.py", line 14, in _prepare
    from reference.validation import schema_errors
  File "/workspace/scratch/e2e4042ea5fd/work/intune-iac/reference/validation.py", line 12, in <module>
    from jsonschema import Draft202012Validator, FormatChecker
ModuleNotFoundError: No module named 'jsonschema'

======================================================================
ERROR: test_changed_repository_context_invalidates_existing_candidate (test_production.ProductionTests.test_changed_repository_context_invalidates_existing_candidate)
----------------------------------------------------------------------
Traceback (most recent call last):
  File "/workspace/scratch/e2e4042ea5fd/work/intune-iac/plugin_tests/test_production.py", line 232, in test_changed_repository_context_invalidates_existing_candidate
    _,_,output,src,ctx=self.run_engine()
                       ^^^^^^^^^^^^^^^^^
  File "/workspace/scratch/e2e4042ea5fd/work/intune-iac/plugin_tests/test_production.py", line 38, in run_engine
    review = inspect_source(src,ctx)
             ^^^^^^^^^^^^^^^^^^^^^^^
  File "/workspace/scratch/e2e4042ea5fd/work/intune-iac/intune_iac/engine.py", line 39, in inspect_source
    raw, context_raw, source, context, normalized = _prepare(input_path, context_path)
                                                    ^^^^^^^^^^^^^^^^^^^^^^^^^^^^^^^^^^
  File "/workspace/scratch/e2e4042ea5fd/work/intune-iac/intune_iac/engine.py", line 14, in _prepare
    from reference.validation import schema_errors
  File "/workspace/scratch/e2e4042ea5fd/work/intune-iac/reference/validation.py", line 12, in <module>
    from jsonschema import Draft202012Validator, FormatChecker
ModuleNotFoundError: No module named 'jsonschema'

======================================================================
ERROR: test_complete_empty_assignments_are_retained_exactly (test_production.ProductionTests.test_complete_empty_assignments_are_retained_exactly)
----------------------------------------------------------------------
Traceback (most recent call last):
  File "/workspace/scratch/e2e4042ea5fd/work/intune-iac/plugin_tests/test_production.py", line 93, in test_complete_empty_assignments_are_retained_exactly
    review,_,_,_,_=self.run_engine(source,context)
                   ^^^^^^^^^^^^^^^^^^^^^^^^^^^^^^^
  File "/workspace/scratch/e2e4042ea5fd/work/intune-iac/plugin_tests/test_production.py", line 38, in run_engine
    review = inspect_source(src,ctx)
             ^^^^^^^^^^^^^^^^^^^^^^^
  File "/workspace/scratch/e2e4042ea5fd/work/intune-iac/intune_iac/engine.py", line 39, in inspect_source
    raw, context_raw, source, context, normalized = _prepare(input_path, context_path)
                                                    ^^^^^^^^^^^^^^^^^^^^^^^^^^^^^^^^^^
  File "/workspace/scratch/e2e4042ea5fd/work/intune-iac/intune_iac/engine.py", line 14, in _prepare
    from reference.validation import schema_errors
  File "/workspace/scratch/e2e4042ea5fd/work/intune-iac/reference/validation.py", line 12, in <module>
    from jsonschema import Draft202012Validator, FormatChecker
ModuleNotFoundError: No module named 'jsonschema'

======================================================================
ERROR: test_contradictory_collection_counts_block_candidate (test_production.ProductionTests.test_contradictory_collection_counts_block_candidate) (count=2, empty=True)
----------------------------------------------------------------------
Traceback (most recent call last):
  File "/workspace/scratch/e2e4042ea5fd/work/intune-iac/plugin_tests/test_production.py", line 105, in test_contradictory_collection_counts_block_candidate
    review,_,output,_,_=self.run_engine(source,context)
                        ^^^^^^^^^^^^^^^^^^^^^^^^^^^^^^^
  File "/workspace/scratch/e2e4042ea5fd/work/intune-iac/plugin_tests/test_production.py", line 38, in run_engine
    review = inspect_source(src,ctx)
             ^^^^^^^^^^^^^^^^^^^^^^^
  File "/workspace/scratch/e2e4042ea5fd/work/intune-iac/intune_iac/engine.py", line 39, in inspect_source
    raw, context_raw, source, context, normalized = _prepare(input_path, context_path)
                                                    ^^^^^^^^^^^^^^^^^^^^^^^^^^^^^^^^^^
  File "/workspace/scratch/e2e4042ea5fd/work/intune-iac/intune_iac/engine.py", line 14, in _prepare
    from reference.validation import schema_errors
  File "/workspace/scratch/e2e4042ea5fd/work/intune-iac/reference/validation.py", line 12, in <module>
    from jsonschema import Draft202012Validator, FormatChecker
ModuleNotFoundError: No module named 'jsonschema'

======================================================================
ERROR: test_contradictory_collection_counts_block_candidate (test_production.ProductionTests.test_contradictory_collection_counts_block_candidate) (count=0, empty=False)
----------------------------------------------------------------------
Traceback (most recent call last):
  File "/workspace/scratch/e2e4042ea5fd/work/intune-iac/plugin_tests/test_production.py", line 105, in test_contradictory_collection_counts_block_candidate
    review,_,output,_,_=self.run_engine(source,context)
                        ^^^^^^^^^^^^^^^^^^^^^^^^^^^^^^^
  File "/workspace/scratch/e2e4042ea5fd/work/intune-iac/plugin_tests/test_production.py", line 38, in run_engine
    review = inspect_source(src,ctx)
             ^^^^^^^^^^^^^^^^^^^^^^^
  File "/workspace/scratch/e2e4042ea5fd/work/intune-iac/intune_iac/engine.py", line 39, in inspect_source
    raw, context_raw, source, context, normalized = _prepare(input_path, context_path)
                                                    ^^^^^^^^^^^^^^^^^^^^^^^^^^^^^^^^^^
  File "/workspace/scratch/e2e4042ea5fd/work/intune-iac/intune_iac/engine.py", line 14, in _prepare
    from reference.validation import schema_errors
  File "/workspace/scratch/e2e4042ea5fd/work/intune-iac/reference/validation.py", line 12, in <module>
    from jsonschema import Draft202012Validator, FormatChecker
ModuleNotFoundError: No module named 'jsonschema'

======================================================================
ERROR: test_contradictory_collection_counts_block_candidate (test_production.ProductionTests.test_contradictory_collection_counts_block_candidate) (count=4, empty=False)
----------------------------------------------------------------------
Traceback (most recent call last):
  File "/workspace/scratch/e2e4042ea5fd/work/intune-iac/plugin_tests/test_production.py", line 105, in test_contradictory_collection_counts_block_candidate
    review,_,output,_,_=self.run_engine(source,context)
                        ^^^^^^^^^^^^^^^^^^^^^^^^^^^^^^^
  File "/workspace/scratch/e2e4042ea5fd/work/intune-iac/plugin_tests/test_production.py", line 38, in run_engine
    review = inspect_source(src,ctx)
             ^^^^^^^^^^^^^^^^^^^^^^^
  File "/workspace/scratch/e2e4042ea5fd/work/intune-iac/intune_iac/engine.py", line 39, in inspect_source
    raw, context_raw, source, context, normalized = _prepare(input_path, context_path)
                                                    ^^^^^^^^^^^^^^^^^^^^^^^^^^^^^^^^^^
  File "/workspace/scratch/e2e4042ea5fd/work/intune-iac/intune_iac/engine.py", line 14, in _prepare
    from reference.validation import schema_errors
  File "/workspace/scratch/e2e4042ea5fd/work/intune-iac/reference/validation.py", line 12, in <module>
    from jsonschema import Draft202012Validator, FormatChecker
ModuleNotFoundError: No module named 'jsonschema'

======================================================================
ERROR: test_explicit_known_capture_emits_useful_inactive_candidate (test_production.ProductionTests.test_explicit_known_capture_emits_useful_inactive_candidate)
----------------------------------------------------------------------
Traceback (most recent call last):
  File "/workspace/scratch/e2e4042ea5fd/work/intune-iac/plugin_tests/test_production.py", line 44, in test_explicit_known_capture_emits_useful_inactive_candidate
    review,result,output,_,_ = self.run_engine()
                               ^^^^^^^^^^^^^^^^^
  File "/workspace/scratch/e2e4042ea5fd/work/intune-iac/plugin_tests/test_production.py", line 38, in run_engine
    review = inspect_source(src,ctx)
             ^^^^^^^^^^^^^^^^^^^^^^^
  File "/workspace/scratch/e2e4042ea5fd/work/intune-iac/intune_iac/engine.py", line 39, in inspect_source
    raw, context_raw, source, context, normalized = _prepare(input_path, context_path)
                                                    ^^^^^^^^^^^^^^^^^^^^^^^^^^^^^^^^^^
  File "/workspace/scratch/e2e4042ea5fd/work/intune-iac/intune_iac/engine.py", line 14, in _prepare
    from reference.validation import schema_errors
  File "/workspace/scratch/e2e4042ea5fd/work/intune-iac/reference/validation.py", line 12, in <module>
    from jsonschema import Draft202012Validator, FormatChecker
ModuleNotFoundError: No module named 'jsonschema'

======================================================================
ERROR: test_invalid_nested_field_types_are_safe_blockers (test_production.ProductionTests.test_invalid_nested_field_types_are_safe_blockers)
----------------------------------------------------------------------
Traceback (most recent call last):
  File "/workspace/scratch/e2e4042ea5fd/work/intune-iac/plugin_tests/test_production.py", line 241, in test_invalid_nested_field_types_are_safe_blockers
    review,_,output,_,_=self.run_engine(source,context)
                        ^^^^^^^^^^^^^^^^^^^^^^^^^^^^^^^
  File "/workspace/scratch/e2e4042ea5fd/work/intune-iac/plugin_tests/test_production.py", line 38, in run_engine
    review = inspect_source(src,ctx)
             ^^^^^^^^^^^^^^^^^^^^^^^
  File "/workspace/scratch/e2e4042ea5fd/work/intune-iac/intune_iac/engine.py", line 39, in inspect_source
    raw, context_raw, source, context, normalized = _prepare(input_path, context_path)
                                                    ^^^^^^^^^^^^^^^^^^^^^^^^^^^^^^^^^^
  File "/workspace/scratch/e2e4042ea5fd/work/intune-iac/intune_iac/engine.py", line 14, in _prepare
    from reference.validation import schema_errors
  File "/workspace/scratch/e2e4042ea5fd/work/intune-iac/reference/validation.py", line 12, in <module>
    from jsonschema import Draft202012Validator, FormatChecker
ModuleNotFoundError: No module named 'jsonschema'

======================================================================
ERROR: test_matching_count_is_consistent_across_complete_pages (test_production.ProductionTests.test_matching_count_is_consistent_across_complete_pages)
----------------------------------------------------------------------
Traceback (most recent call last):
  File "/workspace/scratch/e2e4042ea5fd/work/intune-iac/plugin_tests/test_production.py", line 119, in test_matching_count_is_consistent_across_complete_pages
    review,_,_,_,_=self.run_engine(source,context)
                   ^^^^^^^^^^^^^^^^^^^^^^^^^^^^^^^
  File "/workspace/scratch/e2e4042ea5fd/work/intune-iac/plugin_tests/test_production.py", line 38, in run_engine
    review = inspect_source(src,ctx)
             ^^^^^^^^^^^^^^^^^^^^^^^
  File "/workspace/scratch/e2e4042ea5fd/work/intune-iac/intune_iac/engine.py", line 39, in inspect_source
    raw, context_raw, source, context, normalized = _prepare(input_path, context_path)
                                                    ^^^^^^^^^^^^^^^^^^^^^^^^^^^^^^^^^^
  File "/workspace/scratch/e2e4042ea5fd/work/intune-iac/intune_iac/engine.py", line 14, in _prepare
    from reference.validation import schema_errors
  File "/workspace/scratch/e2e4042ea5fd/work/intune-iac/reference/validation.py", line 12, in <module>
    from jsonschema import Draft202012Validator, FormatChecker
ModuleNotFoundError: No module named 'jsonschema'

======================================================================
ERROR: test_missing_denied_and_incomplete_assignments_never_become_empty (test_production.ProductionTests.test_missing_denied_and_incomplete_assignments_never_become_empty) (mode='missing')
----------------------------------------------------------------------
Traceback (most recent call last):
  File "/workspace/scratch/e2e4042ea5fd/work/intune-iac/plugin_tests/test_production.py", line 178, in test_missing_denied_and_incomplete_assignments_never_become_empty
    review,_,output,_,_=self.run_engine(source,context)
                        ^^^^^^^^^^^^^^^^^^^^^^^^^^^^^^^
  File "/workspace/scratch/e2e4042ea5fd/work/intune-iac/plugin_tests/test_production.py", line 38, in run_engine
    review = inspect_source(src,ctx)
             ^^^^^^^^^^^^^^^^^^^^^^^
  File "/workspace/scratch/e2e4042ea5fd/work/intune-iac/intune_iac/engine.py", line 39, in inspect_source
    raw, context_raw, source, context, normalized = _prepare(input_path, context_path)
                                                    ^^^^^^^^^^^^^^^^^^^^^^^^^^^^^^^^^^
  File "/workspace/scratch/e2e4042ea5fd/work/intune-iac/intune_iac/engine.py", line 14, in _prepare
    from reference.validation import schema_errors
  File "/workspace/scratch/e2e4042ea5fd/work/intune-iac/reference/validation.py", line 12, in <module>
    from jsonschema import Draft202012Validator, FormatChecker
ModuleNotFoundError: No module named 'jsonschema'

======================================================================
ERROR: test_missing_denied_and_incomplete_assignments_never_become_empty (test_production.ProductionTests.test_missing_denied_and_incomplete_assignments_never_become_empty) (mode='denied')
----------------------------------------------------------------------
Traceback (most recent call last):
  File "/workspace/scratch/e2e4042ea5fd/work/intune-iac/plugin_tests/test_production.py", line 178, in test_missing_denied_and_incomplete_assignments_never_become_empty
    review,_,output,_,_=self.run_engine(source,context)
                        ^^^^^^^^^^^^^^^^^^^^^^^^^^^^^^^
  File "/workspace/scratch/e2e4042ea5fd/work/intune-iac/plugin_tests/test_production.py", line 38, in run_engine
    review = inspect_source(src,ctx)
             ^^^^^^^^^^^^^^^^^^^^^^^
  File "/workspace/scratch/e2e4042ea5fd/work/intune-iac/intune_iac/engine.py", line 39, in inspect_source
    raw, context_raw, source, context, normalized = _prepare(input_path, context_path)
                                                    ^^^^^^^^^^^^^^^^^^^^^^^^^^^^^^^^^^
  File "/workspace/scratch/e2e4042ea5fd/work/intune-iac/intune_iac/engine.py", line 14, in _prepare
    from reference.validation import schema_errors
  File "/workspace/scratch/e2e4042ea5fd/work/intune-iac/reference/validation.py", line 12, in <module>
    from jsonschema import Draft202012Validator, FormatChecker
ModuleNotFoundError: No module named 'jsonschema'

======================================================================
ERROR: test_missing_denied_and_incomplete_assignments_never_become_empty (test_production.ProductionTests.test_missing_denied_and_incomplete_assignments_never_become_empty) (mode='continuation')
----------------------------------------------------------------------
Traceback (most recent call last):
  File "/workspace/scratch/e2e4042ea5fd/work/intune-iac/plugin_tests/test_production.py", line 178, in test_missing_denied_and_incomplete_assignments_never_become_empty
    review,_,output,_,_=self.run_engine(source,context)
                        ^^^^^^^^^^^^^^^^^^^^^^^^^^^^^^^
  File "/workspace/scratch/e2e4042ea5fd/work/intune-iac/plugin_tests/test_production.py", line 38, in run_engine
    review = inspect_source(src,ctx)
             ^^^^^^^^^^^^^^^^^^^^^^^
  File "/workspace/scratch/e2e4042ea5fd/work/intune-iac/intune_iac/engine.py", line 39, in inspect_source
    raw, context_raw, source, context, normalized = _prepare(input_path, context_path)
                                                    ^^^^^^^^^^^^^^^^^^^^^^^^^^^^^^^^^^
  File "/workspace/scratch/e2e4042ea5fd/work/intune-iac/intune_iac/engine.py", line 14, in _prepare
    from reference.validation import schema_errors
  File "/workspace/scratch/e2e4042ea5fd/work/intune-iac/reference/validation.py", line 12, in <module>
    from jsonschema import Draft202012Validator, FormatChecker
ModuleNotFoundError: No module named 'jsonschema'

======================================================================
ERROR: test_non_null_priority_is_observed_but_unmapped (test_production.ProductionTests.test_non_null_priority_is_observed_but_unmapped)
----------------------------------------------------------------------
Traceback (most recent call last):
  File "/workspace/scratch/e2e4042ea5fd/work/intune-iac/plugin_tests/test_production.py", line 153, in test_non_null_priority_is_observed_but_unmapped
    review,_,output,_,_=self.run_engine(source,context)
                        ^^^^^^^^^^^^^^^^^^^^^^^^^^^^^^^
  File "/workspace/scratch/e2e4042ea5fd/work/intune-iac/plugin_tests/test_production.py", line 38, in run_engine
    review = inspect_source(src,ctx)
             ^^^^^^^^^^^^^^^^^^^^^^^
  File "/workspace/scratch/e2e4042ea5fd/work/intune-iac/intune_iac/engine.py", line 39, in inspect_source
    raw, context_raw, source, context, normalized = _prepare(input_path, context_path)
                                                    ^^^^^^^^^^^^^^^^^^^^^^^^^^^^^^^^^^
  File "/workspace/scratch/e2e4042ea5fd/work/intune-iac/intune_iac/engine.py", line 14, in _prepare
    from reference.validation import schema_errors
  File "/workspace/scratch/e2e4042ea5fd/work/intune-iac/reference/validation.py", line 12, in <module>
    from jsonschema import Draft202012Validator, FormatChecker
ModuleNotFoundError: No module named 'jsonschema'

======================================================================
ERROR: test_opaque_setting_identity_is_retained_and_never_renumbered (test_production.ProductionTests.test_opaque_setting_identity_is_retained_and_never_renumbered)
----------------------------------------------------------------------
Traceback (most recent call last):
  File "/workspace/scratch/e2e4042ea5fd/work/intune-iac/plugin_tests/test_production.py", line 161, in test_opaque_setting_identity_is_retained_and_never_renumbered
    review,_,output,_,_ = self.run_engine(source,context)
                          ^^^^^^^^^^^^^^^^^^^^^^^^^^^^^^^
  File "/workspace/scratch/e2e4042ea5fd/work/intune-iac/plugin_tests/test_production.py", line 38, in run_engine
    review = inspect_source(src,ctx)
             ^^^^^^^^^^^^^^^^^^^^^^^
  File "/workspace/scratch/e2e4042ea5fd/work/intune-iac/intune_iac/engine.py", line 39, in inspect_source
    raw, context_raw, source, context, normalized = _prepare(input_path, context_path)
                                                    ^^^^^^^^^^^^^^^^^^^^^^^^^^^^^^^^^^
  File "/workspace/scratch/e2e4042ea5fd/work/intune-iac/intune_iac/engine.py", line 14, in _prepare
    from reference.validation import schema_errors
  File "/workspace/scratch/e2e4042ea5fd/work/intune-iac/reference/validation.py", line 12, in <module>
    from jsonschema import Draft202012Validator, FormatChecker
ModuleNotFoundError: No module named 'jsonschema'

======================================================================
ERROR: test_optional_wrapper_annotations_and_returned_skip_links (test_production.ProductionTests.test_optional_wrapper_annotations_and_returned_skip_links)
----------------------------------------------------------------------
Traceback (most recent call last):
  File "/workspace/scratch/e2e4042ea5fd/work/intune-iac/plugin_tests/test_production.py", line 76, in test_optional_wrapper_annotations_and_returned_skip_links
    review,_,_,_,_=self.run_engine(source,context)
                   ^^^^^^^^^^^^^^^^^^^^^^^^^^^^^^^
  File "/workspace/scratch/e2e4042ea5fd/work/intune-iac/plugin_tests/test_production.py", line 38, in run_engine
    review = inspect_source(src,ctx)
             ^^^^^^^^^^^^^^^^^^^^^^^
  File "/workspace/scratch/e2e4042ea5fd/work/intune-iac/intune_iac/engine.py", line 39, in inspect_source
    raw, context_raw, source, context, normalized = _prepare(input_path, context_path)
                                                    ^^^^^^^^^^^^^^^^^^^^^^^^^^^^^^^^^^
  File "/workspace/scratch/e2e4042ea5fd/work/intune-iac/intune_iac/engine.py", line 14, in _prepare
    from reference.validation import schema_errors
  File "/workspace/scratch/e2e4042ea5fd/work/intune-iac/reference/validation.py", line 12, in <module>
    from jsonschema import Draft202012Validator, FormatChecker
ModuleNotFoundError: No module named 'jsonschema'

======================================================================
ERROR: test_oracle_detects_changed_config_observation_identity_and_accounting (test_production.ProductionTests.test_oracle_detects_changed_config_observation_identity_and_accounting)
----------------------------------------------------------------------
Traceback (most recent call last):
  File "/workspace/scratch/e2e4042ea5fd/work/intune-iac/plugin_tests/test_production.py", line 204, in test_oracle_detects_changed_config_observation_identity_and_accounting
    review,_,output,src,ctx=self.run_engine()
                            ^^^^^^^^^^^^^^^^^
  File "/workspace/scratch/e2e4042ea5fd/work/intune-iac/plugin_tests/test_production.py", line 38, in run_engine
    review = inspect_source(src,ctx)
             ^^^^^^^^^^^^^^^^^^^^^^^
  File "/workspace/scratch/e2e4042ea5fd/work/intune-iac/intune_iac/engine.py", line 39, in inspect_source
    raw, context_raw, source, context, normalized = _prepare(input_path, context_path)
                                                    ^^^^^^^^^^^^^^^^^^^^^^^^^^^^^^^^^^
  File "/workspace/scratch/e2e4042ea5fd/work/intune-iac/intune_iac/engine.py", line 14, in _prepare
    from reference.validation import schema_errors
  File "/workspace/scratch/e2e4042ea5fd/work/intune-iac/reference/validation.py", line 12, in <module>
    from jsonschema import Draft202012Validator, FormatChecker
ModuleNotFoundError: No module named 'jsonschema'

======================================================================
ERROR: test_policy_set_assignments_are_not_flattened (test_production.ProductionTests.test_policy_set_assignments_are_not_flattened)
----------------------------------------------------------------------
Traceback (most recent call last):
  File "/workspace/scratch/e2e4042ea5fd/work/intune-iac/plugin_tests/test_production.py", line 186, in test_policy_set_assignments_are_not_flattened
    review,_,output,_,_=self.run_engine(source,context)
                        ^^^^^^^^^^^^^^^^^^^^^^^^^^^^^^^
  File "/workspace/scratch/e2e4042ea5fd/work/intune-iac/plugin_tests/test_production.py", line 38, in run_engine
    review = inspect_source(src,ctx)
             ^^^^^^^^^^^^^^^^^^^^^^^
  File "/workspace/scratch/e2e4042ea5fd/work/intune-iac/intune_iac/engine.py", line 39, in inspect_source
    raw, context_raw, source, context, normalized = _prepare(input_path, context_path)
                                                    ^^^^^^^^^^^^^^^^^^^^^^^^^^^^^^^^^^
  File "/workspace/scratch/e2e4042ea5fd/work/intune-iac/intune_iac/engine.py", line 14, in _prepare
    from reference.validation import schema_errors
  File "/workspace/scratch/e2e4042ea5fd/work/intune-iac/reference/validation.py", line 12, in <module>
    from jsonschema import Draft202012Validator, FormatChecker
ModuleNotFoundError: No module named 'jsonschema'

======================================================================
ERROR: test_repository_context_accepts_safe_physical_target_paths (test_production.ProductionTests.test_repository_context_accepts_safe_physical_target_paths)
----------------------------------------------------------------------
Traceback (most recent call last):
  File "/workspace/scratch/e2e4042ea5fd/work/intune-iac/plugin_tests/test_production.py", line 86, in test_repository_context_accepts_safe_physical_target_paths
    review,_,output,_,_=self.run_engine(source,context)
                        ^^^^^^^^^^^^^^^^^^^^^^^^^^^^^^^
  File "/workspace/scratch/e2e4042ea5fd/work/intune-iac/plugin_tests/test_production.py", line 38, in run_engine
    review = inspect_source(src,ctx)
             ^^^^^^^^^^^^^^^^^^^^^^^
  File "/workspace/scratch/e2e4042ea5fd/work/intune-iac/intune_iac/engine.py", line 39, in inspect_source
    raw, context_raw, source, context, normalized = _prepare(input_path, context_path)
                                                    ^^^^^^^^^^^^^^^^^^^^^^^^^^^^^^^^^^
  File "/workspace/scratch/e2e4042ea5fd/work/intune-iac/intune_iac/engine.py", line 14, in _prepare
    from reference.validation import schema_errors
  File "/workspace/scratch/e2e4042ea5fd/work/intune-iac/reference/validation.py", line 12, in <module>
    from jsonschema import Draft202012Validator, FormatChecker
ModuleNotFoundError: No module named 'jsonschema'

======================================================================
ERROR: test_self_consistent_manifest_cannot_authorize_modified_candidate (test_production.ProductionTests.test_self_consistent_manifest_cannot_authorize_modified_candidate)
----------------------------------------------------------------------
Traceback (most recent call last):
  File "/workspace/scratch/e2e4042ea5fd/work/intune-iac/plugin_tests/test_production.py", line 222, in test_self_consistent_manifest_cannot_authorize_modified_candidate
    _,_,output,src,ctx=self.run_engine()
                       ^^^^^^^^^^^^^^^^^
  File "/workspace/scratch/e2e4042ea5fd/work/intune-iac/plugin_tests/test_production.py", line 38, in run_engine
    review = inspect_source(src,ctx)
             ^^^^^^^^^^^^^^^^^^^^^^^
  File "/workspace/scratch/e2e4042ea5fd/work/intune-iac/intune_iac/engine.py", line 39, in inspect_source
    raw, context_raw, source, context, normalized = _prepare(input_path, context_path)
                                                    ^^^^^^^^^^^^^^^^^^^^^^^^^^^^^^^^^^
  File "/workspace/scratch/e2e4042ea5fd/work/intune-iac/intune_iac/engine.py", line 14, in _prepare
    from reference.validation import schema_errors
  File "/workspace/scratch/e2e4042ea5fd/work/intune-iac/reference/validation.py", line 12, in <module>
    from jsonschema import Draft202012Validator, FormatChecker
ModuleNotFoundError: No module named 'jsonschema'

======================================================================
ERROR: test_target_labels_are_validated_as_literals (test_production.ProductionTests.test_target_labels_are_validated_as_literals)
----------------------------------------------------------------------
Traceback (most recent call last):
  File "/workspace/scratch/e2e4042ea5fd/work/intune-iac/plugin_tests/test_production.py", line 250, in test_target_labels_are_validated_as_literals
    with self.assertRaises(AppError): self.run_engine(source,context)
                                      ^^^^^^^^^^^^^^^^^^^^^^^^^^^^^^^
  File "/workspace/scratch/e2e4042ea5fd/work/intune-iac/plugin_tests/test_production.py", line 38, in run_engine
    review = inspect_source(src,ctx)
             ^^^^^^^^^^^^^^^^^^^^^^^
  File "/workspace/scratch/e2e4042ea5fd/work/intune-iac/intune_iac/engine.py", line 39, in inspect_source
    raw, context_raw, source, context, normalized = _prepare(input_path, context_path)
                                                    ^^^^^^^^^^^^^^^^^^^^^^^^^^^^^^^^^^
  File "/workspace/scratch/e2e4042ea5fd/work/intune-iac/intune_iac/engine.py", line 14, in _prepare
    from reference.validation import schema_errors
  File "/workspace/scratch/e2e4042ea5fd/work/intune-iac/reference/validation.py", line 12, in <module>
    from jsonschema import Draft202012Validator, FormatChecker
ModuleNotFoundError: No module named 'jsonschema'

======================================================================
ERROR: test_unknown_nested_fields_and_values_remain_opaque (test_production.ProductionTests.test_unknown_nested_fields_and_values_remain_opaque)
----------------------------------------------------------------------
Traceback (most recent call last):
  File "/workspace/scratch/e2e4042ea5fd/work/intune-iac/plugin_tests/test_production.py", line 198, in test_unknown_nested_fields_and_values_remain_opaque
    review,_,output,_,_=self.run_engine(source,context)
                        ^^^^^^^^^^^^^^^^^^^^^^^^^^^^^^^
  File "/workspace/scratch/e2e4042ea5fd/work/intune-iac/plugin_tests/test_production.py", line 38, in run_engine
    review = inspect_source(src,ctx)
             ^^^^^^^^^^^^^^^^^^^^^^^
  File "/workspace/scratch/e2e4042ea5fd/work/intune-iac/intune_iac/engine.py", line 39, in inspect_source
    raw, context_raw, source, context, normalized = _prepare(input_path, context_path)
                                                    ^^^^^^^^^^^^^^^^^^^^^^^^^^^^^^^^^^
  File "/workspace/scratch/e2e4042ea5fd/work/intune-iac/intune_iac/engine.py", line 14, in _prepare
    from reference.validation import schema_errors
  File "/workspace/scratch/e2e4042ea5fd/work/intune-iac/reference/validation.py", line 12, in <module>
    from jsonschema import Draft202012Validator, FormatChecker
ModuleNotFoundError: No module named 'jsonschema'

======================================================================
ERROR: test_uuid_case_does_not_evade_duplicate_identity_or_target_checks (test_production.ProductionTests.test_uuid_case_does_not_evade_duplicate_identity_or_target_checks)
----------------------------------------------------------------------
Traceback (most recent call last):
  File "/workspace/scratch/e2e4042ea5fd/work/intune-iac/plugin_tests/test_production.py", line 146, in test_uuid_case_does_not_evade_duplicate_identity_or_target_checks
    review,_,_,_,_=self.run_engine(source,context)
                   ^^^^^^^^^^^^^^^^^^^^^^^^^^^^^^^
  File "/workspace/scratch/e2e4042ea5fd/work/intune-iac/plugin_tests/test_production.py", line 38, in run_engine
    review = inspect_source(src,ctx)
             ^^^^^^^^^^^^^^^^^^^^^^^
  File "/workspace/scratch/e2e4042ea5fd/work/intune-iac/intune_iac/engine.py", line 39, in inspect_source
    raw, context_raw, source, context, normalized = _prepare(input_path, context_path)
                                                    ^^^^^^^^^^^^^^^^^^^^^^^^^^^^^^^^^^
  File "/workspace/scratch/e2e4042ea5fd/work/intune-iac/intune_iac/engine.py", line 14, in _prepare
    from reference.validation import schema_errors
  File "/workspace/scratch/e2e4042ea5fd/work/intune-iac/reference/validation.py", line 12, in <module>
    from jsonschema import Draft202012Validator, FormatChecker
ModuleNotFoundError: No module named 'jsonschema'

======================================================================
ERROR: test_actual_cli_mcp_and_runner_reports_do_not_expose_values (test_repository_interfaces.RepositoryInterfaceTests.test_actual_cli_mcp_and_runner_reports_do_not_expose_values)
----------------------------------------------------------------------
Traceback (most recent call last):
  File "/workspace/scratch/e2e4042ea5fd/work/intune-iac/plugin_tests/test_repository_interfaces.py", line 82, in test_actual_cli_mcp_and_runner_reports_do_not_expose_values
    via_mcp=mcp.call_tool('intune_repository_resolve',{'root':str(repo),'stack':'dev','component':'app'})
            ^^^^^^^^^^^^^^^^^^^^^^^^^^^^^^^^^^^^^^^^^^^^^^^^^^^^^^^^^^^^^^^^^^^^^^^^^^^^^^^^^^^^^^^^^^^^^
  File "/workspace/scratch/e2e4042ea5fd/work/intune-iac/intune_iac/mcp.py", line 48, in call_tool
    from jsonschema import Draft202012Validator
ModuleNotFoundError: No module named 'jsonschema'

======================================================================
ERROR: test_target (unittest.loader._FailedTest.test_target)
----------------------------------------------------------------------
ImportError: Failed to import test module: test_target
Traceback (most recent call last):
  File "/opt/codex/runtimes/codex-primary-runtime/dependencies/python/lib/python3.12/unittest/loader.py", line 396, in _find_test_path
    module = self._get_module_from_name(name)
             ^^^^^^^^^^^^^^^^^^^^^^^^^^^^^^^^
  File "/opt/codex/runtimes/codex-primary-runtime/dependencies/python/lib/python3.12/unittest/loader.py", line 339, in _get_module_from_name
    __import__(name)
  File "/workspace/scratch/e2e4042ea5fd/work/intune-iac/plugin_tests/test_target.py", line 11, in <module>
    from intune_iac import target
  File "/workspace/scratch/e2e4042ea5fd/work/intune-iac/intune_iac/target.py", line 16, in <module>
    from jsonschema import Draft202012Validator
ModuleNotFoundError: No module named 'jsonschema'


======================================================================
ERROR: test_forged_session_and_manifest_cannot_claim_verified_review (test_wizard.WizardTests.test_forged_session_and_manifest_cannot_claim_verified_review)
----------------------------------------------------------------------
Traceback (most recent call last):
  File "/workspace/scratch/e2e4042ea5fd/work/intune-iac/plugin_tests/test_wizard.py", line 121, in test_forged_session_and_manifest_cannot_claim_verified_review
    target.write_text("arbitrary forged output")
  File "/opt/codex/runtimes/codex-primary-runtime/dependencies/python/lib/python3.12/pathlib.py", line 1047, in write_text
    with self.open(mode='w', encoding=encoding, errors=errors, newline=newline) as f:
         ^^^^^^^^^^^^^^^^^^^^^^^^^^^^^^^^^^^^^^^^^^^^^^^^^^^^^^^^^^^^^^^^^^^^^^
  File "/opt/codex/runtimes/codex-primary-runtime/dependencies/python/lib/python3.12/pathlib.py", line 1013, in open
    return io.open(self, mode, buffering, encoding, errors, newline)
           ^^^^^^^^^^^^^^^^^^^^^^^^^^^^^^^^^^^^^^^^^^^^^^^^^^^^^^^^^
FileNotFoundError: [Errno 2] No such file or directory: '/tmp/tmpluyigbf0/project/README.md'

======================================================================
ERROR: test_manifest_edit_blocks_finish_and_preserves_files (test_wizard.WizardTests.test_manifest_edit_blocks_finish_and_preserves_files)
----------------------------------------------------------------------
Traceback (most recent call last):
  File "/workspace/scratch/e2e4042ea5fd/work/intune-iac/plugin_tests/test_wizard.py", line 98, in test_manifest_edit_blocks_finish_and_preserves_files
    changed = manifest.read_bytes() + b"\n"
              ^^^^^^^^^^^^^^^^^^^^^
  File "/opt/codex/runtimes/codex-primary-runtime/dependencies/python/lib/python3.12/pathlib.py", line 1019, in read_bytes
    with self.open(mode='rb') as f:
         ^^^^^^^^^^^^^^^^^^^^
  File "/opt/codex/runtimes/codex-primary-runtime/dependencies/python/lib/python3.12/pathlib.py", line 1013, in open
    return io.open(self, mode, buffering, encoding, errors, newline)
           ^^^^^^^^^^^^^^^^^^^^^^^^^^^^^^^^^^^^^^^^^^^^^^^^^^^^^^^^^
FileNotFoundError: [Errno 2] No such file or directory: '/tmp/tmprrv4v9_j/project/generated-files.json'

======================================================================
ERROR: test_output_changed_after_review_prompt_cannot_finish (test_wizard.WizardTests.test_output_changed_after_review_prompt_cannot_finish)
----------------------------------------------------------------------
Traceback (most recent call last):
  File "/workspace/scratch/e2e4042ea5fd/work/intune-iac/plugin_tests/test_wizard.py", line 115, in test_output_changed_after_review_prompt_cannot_finish
    self.assertEqual(result["step"], "conflict")
                     ~~~~~~^^^^^^^^
KeyError: 'step'

======================================================================
ERROR: test_cancellation_survives_save_without_resume_intent (test_workflow.WorkflowTests.test_cancellation_survives_save_without_resume_intent)
----------------------------------------------------------------------
Traceback (most recent call last):
  File "/workspace/scratch/e2e4042ea5fd/work/intune-iac/plugin_tests/test_workflow.py", line 156, in test_cancellation_survives_save_without_resume_intent
    self.run_flow([POLICY, 'cancel'])
  File "/workspace/scratch/e2e4042ea5fd/work/intune-iac/plugin_tests/test_workflow.py", line 46, in run_flow
    return run_wizard(self.session, input_fn=read, output_fn=self.messages.append, guided=True, **kwargs)
           ^^^^^^^^^^^^^^^^^^^^^^^^^^^^^^^^^^^^^^^^^^^^^^^^^^^^^^^^^^^^^^^^^^^^^^^^^^^^^^^^^^^^^^^^^^^^^^
  File "/workspace/scratch/e2e4042ea5fd/work/intune-iac/intune_iac/wizard.py", line 280, in run_wizard
    return run_guided_workflow(session_path, input_path, context_path, output_path, input_fn, output_fn, repo, stack, component)
           ^^^^^^^^^^^^^^^^^^^^^^^^^^^^^^^^^^^^^^^^^^^^^^^^^^^^^^^^^^^^^^^^^^^^^^^^^^^^^^^^^^^^^^^^^^^^^^^^^^^^^^^^^^^^^^^^^^^^^
  File "/workspace/scratch/e2e4042ea5fd/work/intune-iac/intune_iac/workflow.py", line 494, in run_guided_workflow
    return _guide(session_path, state, input_fn, output_fn, fresh, guard)
           ^^^^^^^^^^^^^^^^^^^^^^^^^^^^^^^^^^^^^^^^^^^^^^^^^^^^^^^^^^^^^^
  File "/workspace/scratch/e2e4042ea5fd/work/intune-iac/intune_iac/workflow.py", line 333, in _guide
    observed = _observe(session_path, state)
               ^^^^^^^^^^^^^^^^^^^^^^^^^^^^^
  File "/workspace/scratch/e2e4042ea5fd/work/intune-iac/intune_iac/workflow.py", line 137, in _observe
    from reference.validation import schema_errors
  File "/workspace/scratch/e2e4042ea5fd/work/intune-iac/reference/validation.py", line 12, in <module>
    from jsonschema import Draft202012Validator, FormatChecker
ModuleNotFoundError: No module named 'jsonschema'

======================================================================
ERROR: test_cancelled_resume_requires_explicit_continue_before_writes (test_workflow.WorkflowTests.test_cancelled_resume_requires_explicit_continue_before_writes)
----------------------------------------------------------------------
Traceback (most recent call last):
  File "/workspace/scratch/e2e4042ea5fd/work/intune-iac/plugin_tests/test_workflow.py", line 139, in test_cancelled_resume_requires_explicit_continue_before_writes
    self.run_flow([POLICY, 'cancel'])
  File "/workspace/scratch/e2e4042ea5fd/work/intune-iac/plugin_tests/test_workflow.py", line 46, in run_flow
    return run_wizard(self.session, input_fn=read, output_fn=self.messages.append, guided=True, **kwargs)
           ^^^^^^^^^^^^^^^^^^^^^^^^^^^^^^^^^^^^^^^^^^^^^^^^^^^^^^^^^^^^^^^^^^^^^^^^^^^^^^^^^^^^^^^^^^^^^^
  File "/workspace/scratch/e2e4042ea5fd/work/intune-iac/intune_iac/wizard.py", line 280, in run_wizard
    return run_guided_workflow(session_path, input_path, context_path, output_path, input_fn, output_fn, repo, stack, component)
           ^^^^^^^^^^^^^^^^^^^^^^^^^^^^^^^^^^^^^^^^^^^^^^^^^^^^^^^^^^^^^^^^^^^^^^^^^^^^^^^^^^^^^^^^^^^^^^^^^^^^^^^^^^^^^^^^^^^^^
  File "/workspace/scratch/e2e4042ea5fd/work/intune-iac/intune_iac/workflow.py", line 494, in run_guided_workflow
    return _guide(session_path, state, input_fn, output_fn, fresh, guard)
           ^^^^^^^^^^^^^^^^^^^^^^^^^^^^^^^^^^^^^^^^^^^^^^^^^^^^^^^^^^^^^^
  File "/workspace/scratch/e2e4042ea5fd/work/intune-iac/intune_iac/workflow.py", line 333, in _guide
    observed = _observe(session_path, state)
               ^^^^^^^^^^^^^^^^^^^^^^^^^^^^^
  File "/workspace/scratch/e2e4042ea5fd/work/intune-iac/intune_iac/workflow.py", line 137, in _observe
    from reference.validation import schema_errors
  File "/workspace/scratch/e2e4042ea5fd/work/intune-iac/reference/validation.py", line 12, in <module>
    from jsonschema import Draft202012Validator, FormatChecker
ModuleNotFoundError: No module named 'jsonschema'

======================================================================
ERROR: test_cohort_contains_supported_and_blocked_policy_without_dropping_either (test_workflow.WorkflowTests.test_cohort_contains_supported_and_blocked_policy_without_dropping_either)
----------------------------------------------------------------------
Traceback (most recent call last):
  File "/workspace/scratch/e2e4042ea5fd/work/intune-iac/plugin_tests/test_workflow.py", line 147, in test_cohort_contains_supported_and_blocked_policy_without_dropping_either
    result = self.run_flow([POLICY + ',' + OTHER, 'generate', 'finish'])
             ^^^^^^^^^^^^^^^^^^^^^^^^^^^^^^^^^^^^^^^^^^^^^^^^^^^^^^^^^^^
  File "/workspace/scratch/e2e4042ea5fd/work/intune-iac/plugin_tests/test_workflow.py", line 46, in run_flow
    return run_wizard(self.session, input_fn=read, output_fn=self.messages.append, guided=True, **kwargs)
           ^^^^^^^^^^^^^^^^^^^^^^^^^^^^^^^^^^^^^^^^^^^^^^^^^^^^^^^^^^^^^^^^^^^^^^^^^^^^^^^^^^^^^^^^^^^^^^
  File "/workspace/scratch/e2e4042ea5fd/work/intune-iac/intune_iac/wizard.py", line 280, in run_wizard
    return run_guided_workflow(session_path, input_path, context_path, output_path, input_fn, output_fn, repo, stack, component)
           ^^^^^^^^^^^^^^^^^^^^^^^^^^^^^^^^^^^^^^^^^^^^^^^^^^^^^^^^^^^^^^^^^^^^^^^^^^^^^^^^^^^^^^^^^^^^^^^^^^^^^^^^^^^^^^^^^^^^^
  File "/workspace/scratch/e2e4042ea5fd/work/intune-iac/intune_iac/workflow.py", line 494, in run_guided_workflow
    return _guide(session_path, state, input_fn, output_fn, fresh, guard)
           ^^^^^^^^^^^^^^^^^^^^^^^^^^^^^^^^^^^^^^^^^^^^^^^^^^^^^^^^^^^^^^
  File "/workspace/scratch/e2e4042ea5fd/work/intune-iac/intune_iac/workflow.py", line 333, in _guide
    observed = _observe(session_path, state)
               ^^^^^^^^^^^^^^^^^^^^^^^^^^^^^
  File "/workspace/scratch/e2e4042ea5fd/work/intune-iac/intune_iac/workflow.py", line 137, in _observe
    from reference.validation import schema_errors
  File "/workspace/scratch/e2e4042ea5fd/work/intune-iac/reference/validation.py", line 12, in <module>
    from jsonschema import Draft202012Validator, FormatChecker
ModuleNotFoundError: No module named 'jsonschema'

======================================================================
ERROR: test_cohort_edit_after_generation_returns_to_review_only (test_workflow.WorkflowTests.test_cohort_edit_after_generation_returns_to_review_only)
----------------------------------------------------------------------
Traceback (most recent call last):
  File "/workspace/scratch/e2e4042ea5fd/work/intune-iac/plugin_tests/test_workflow.py", line 194, in test_cohort_edit_after_generation_returns_to_review_only
    self.run_flow([POLICY, 'generate', 'finish'])
  File "/workspace/scratch/e2e4042ea5fd/work/intune-iac/plugin_tests/test_workflow.py", line 46, in run_flow
    return run_wizard(self.session, input_fn=read, output_fn=self.messages.append, guided=True, **kwargs)
           ^^^^^^^^^^^^^^^^^^^^^^^^^^^^^^^^^^^^^^^^^^^^^^^^^^^^^^^^^^^^^^^^^^^^^^^^^^^^^^^^^^^^^^^^^^^^^^
  File "/workspace/scratch/e2e4042ea5fd/work/intune-iac/intune_iac/wizard.py", line 280, in run_wizard
    return run_guided_workflow(session_path, input_path, context_path, output_path, input_fn, output_fn, repo, stack, component)
           ^^^^^^^^^^^^^^^^^^^^^^^^^^^^^^^^^^^^^^^^^^^^^^^^^^^^^^^^^^^^^^^^^^^^^^^^^^^^^^^^^^^^^^^^^^^^^^^^^^^^^^^^^^^^^^^^^^^^^
  File "/workspace/scratch/e2e4042ea5fd/work/intune-iac/intune_iac/workflow.py", line 494, in run_guided_workflow
    return _guide(session_path, state, input_fn, output_fn, fresh, guard)
           ^^^^^^^^^^^^^^^^^^^^^^^^^^^^^^^^^^^^^^^^^^^^^^^^^^^^^^^^^^^^^^
  File "/workspace/scratch/e2e4042ea5fd/work/intune-iac/intune_iac/workflow.py", line 333, in _guide
    observed = _observe(session_path, state)
               ^^^^^^^^^^^^^^^^^^^^^^^^^^^^^
  File "/workspace/scratch/e2e4042ea5fd/work/intune-iac/intune_iac/workflow.py", line 137, in _observe
    from reference.validation import schema_errors
  File "/workspace/scratch/e2e4042ea5fd/work/intune-iac/reference/validation.py", line 12, in <module>
    from jsonschema import Draft202012Validator, FormatChecker
ModuleNotFoundError: No module named 'jsonschema'

======================================================================
ERROR: test_first_use_preserves_preexisting_evidence_directory (test_workflow.WorkflowTests.test_first_use_preserves_preexisting_evidence_directory)
----------------------------------------------------------------------
Traceback (most recent call last):
  File "/workspace/scratch/e2e4042ea5fd/work/intune-iac/plugin_tests/test_workflow.py", line 250, in test_first_use_preserves_preexisting_evidence_directory
    result = self.run_flow(['save'])
             ^^^^^^^^^^^^^^^^^^^^^^^
  File "/workspace/scratch/e2e4042ea5fd/work/intune-iac/plugin_tests/test_workflow.py", line 46, in run_flow
    return run_wizard(self.session, input_fn=read, output_fn=self.messages.append, guided=True, **kwargs)
           ^^^^^^^^^^^^^^^^^^^^^^^^^^^^^^^^^^^^^^^^^^^^^^^^^^^^^^^^^^^^^^^^^^^^^^^^^^^^^^^^^^^^^^^^^^^^^^
  File "/workspace/scratch/e2e4042ea5fd/work/intune-iac/intune_iac/wizard.py", line 280, in run_wizard
    return run_guided_workflow(session_path, input_path, context_path, output_path, input_fn, output_fn, repo, stack, component)
           ^^^^^^^^^^^^^^^^^^^^^^^^^^^^^^^^^^^^^^^^^^^^^^^^^^^^^^^^^^^^^^^^^^^^^^^^^^^^^^^^^^^^^^^^^^^^^^^^^^^^^^^^^^^^^^^^^^^^^
  File "/workspace/scratch/e2e4042ea5fd/work/intune-iac/intune_iac/workflow.py", line 494, in run_guided_workflow
    return _guide(session_path, state, input_fn, output_fn, fresh, guard)
           ^^^^^^^^^^^^^^^^^^^^^^^^^^^^^^^^^^^^^^^^^^^^^^^^^^^^^^^^^^^^^^
  File "/workspace/scratch/e2e4042ea5fd/work/intune-iac/intune_iac/workflow.py", line 333, in _guide
    observed = _observe(session_path, state)
               ^^^^^^^^^^^^^^^^^^^^^^^^^^^^^
  File "/workspace/scratch/e2e4042ea5fd/work/intune-iac/intune_iac/workflow.py", line 137, in _observe
    from reference.validation import schema_errors
  File "/workspace/scratch/e2e4042ea5fd/work/intune-iac/reference/validation.py", line 12, in <module>
    from jsonschema import Draft202012Validator, FormatChecker
ModuleNotFoundError: No module named 'jsonschema'

======================================================================
ERROR: test_generated_mutation_rehashed_by_attacker_is_not_verified (test_workflow.WorkflowTests.test_generated_mutation_rehashed_by_attacker_is_not_verified)
----------------------------------------------------------------------
Traceback (most recent call last):
  File "/workspace/scratch/e2e4042ea5fd/work/intune-iac/plugin_tests/test_workflow.py", line 94, in test_generated_mutation_rehashed_by_attacker_is_not_verified
    self.run_flow([POLICY, 'generate', 'save'])
  File "/workspace/scratch/e2e4042ea5fd/work/intune-iac/plugin_tests/test_workflow.py", line 46, in run_flow
    return run_wizard(self.session, input_fn=read, output_fn=self.messages.append, guided=True, **kwargs)
           ^^^^^^^^^^^^^^^^^^^^^^^^^^^^^^^^^^^^^^^^^^^^^^^^^^^^^^^^^^^^^^^^^^^^^^^^^^^^^^^^^^^^^^^^^^^^^^
  File "/workspace/scratch/e2e4042ea5fd/work/intune-iac/intune_iac/wizard.py", line 280, in run_wizard
    return run_guided_workflow(session_path, input_path, context_path, output_path, input_fn, output_fn, repo, stack, component)
           ^^^^^^^^^^^^^^^^^^^^^^^^^^^^^^^^^^^^^^^^^^^^^^^^^^^^^^^^^^^^^^^^^^^^^^^^^^^^^^^^^^^^^^^^^^^^^^^^^^^^^^^^^^^^^^^^^^^^^
  File "/workspace/scratch/e2e4042ea5fd/work/intune-iac/intune_iac/workflow.py", line 494, in run_guided_workflow
    return _guide(session_path, state, input_fn, output_fn, fresh, guard)
           ^^^^^^^^^^^^^^^^^^^^^^^^^^^^^^^^^^^^^^^^^^^^^^^^^^^^^^^^^^^^^^
  File "/workspace/scratch/e2e4042ea5fd/work/intune-iac/intune_iac/workflow.py", line 333, in _guide
    observed = _observe(session_path, state)
               ^^^^^^^^^^^^^^^^^^^^^^^^^^^^^
  File "/workspace/scratch/e2e4042ea5fd/work/intune-iac/intune_iac/workflow.py", line 137, in _observe
    from reference.validation import schema_errors
  File "/workspace/scratch/e2e4042ea5fd/work/intune-iac/reference/validation.py", line 12, in <module>
    from jsonschema import Draft202012Validator, FormatChecker
ModuleNotFoundError: No module named 'jsonschema'

======================================================================
ERROR: test_guided_entrypoint_reaches_real_generated_handoff (test_workflow.WorkflowTests.test_guided_entrypoint_reaches_real_generated_handoff)
----------------------------------------------------------------------
Traceback (most recent call last):
  File "/workspace/scratch/e2e4042ea5fd/work/intune-iac/plugin_tests/test_workflow.py", line 54, in test_guided_entrypoint_reaches_real_generated_handoff
    result = self.run_flow([POLICY, 'generate', 'finish'])
             ^^^^^^^^^^^^^^^^^^^^^^^^^^^^^^^^^^^^^^^^^^^^^
  File "/workspace/scratch/e2e4042ea5fd/work/intune-iac/plugin_tests/test_workflow.py", line 46, in run_flow
    return run_wizard(self.session, input_fn=read, output_fn=self.messages.append, guided=True, **kwargs)
           ^^^^^^^^^^^^^^^^^^^^^^^^^^^^^^^^^^^^^^^^^^^^^^^^^^^^^^^^^^^^^^^^^^^^^^^^^^^^^^^^^^^^^^^^^^^^^^
  File "/workspace/scratch/e2e4042ea5fd/work/intune-iac/intune_iac/wizard.py", line 280, in run_wizard
    return run_guided_workflow(session_path, input_path, context_path, output_path, input_fn, output_fn, repo, stack, component)
           ^^^^^^^^^^^^^^^^^^^^^^^^^^^^^^^^^^^^^^^^^^^^^^^^^^^^^^^^^^^^^^^^^^^^^^^^^^^^^^^^^^^^^^^^^^^^^^^^^^^^^^^^^^^^^^^^^^^^^
  File "/workspace/scratch/e2e4042ea5fd/work/intune-iac/intune_iac/workflow.py", line 494, in run_guided_workflow
    return _guide(session_path, state, input_fn, output_fn, fresh, guard)
           ^^^^^^^^^^^^^^^^^^^^^^^^^^^^^^^^^^^^^^^^^^^^^^^^^^^^^^^^^^^^^^
  File "/workspace/scratch/e2e4042ea5fd/work/intune-iac/intune_iac/workflow.py", line 333, in _guide
    observed = _observe(session_path, state)
               ^^^^^^^^^^^^^^^^^^^^^^^^^^^^^
  File "/workspace/scratch/e2e4042ea5fd/work/intune-iac/intune_iac/workflow.py", line 137, in _observe
    from reference.validation import schema_errors
  File "/workspace/scratch/e2e4042ea5fd/work/intune-iac/reference/validation.py", line 12, in <module>
    from jsonschema import Draft202012Validator, FormatChecker
ModuleNotFoundError: No module named 'jsonschema'

======================================================================
ERROR: test_missing_mapping_receipt_invalidates_generation_and_descendants (test_workflow.WorkflowTests.test_missing_mapping_receipt_invalidates_generation_and_descendants)
----------------------------------------------------------------------
Traceback (most recent call last):
  File "/workspace/scratch/e2e4042ea5fd/work/intune-iac/plugin_tests/test_workflow.py", line 77, in test_missing_mapping_receipt_invalidates_generation_and_descendants
    self.run_flow([POLICY, 'generate', 'save'])
  File "/workspace/scratch/e2e4042ea5fd/work/intune-iac/plugin_tests/test_workflow.py", line 46, in run_flow
    return run_wizard(self.session, input_fn=read, output_fn=self.messages.append, guided=True, **kwargs)
           ^^^^^^^^^^^^^^^^^^^^^^^^^^^^^^^^^^^^^^^^^^^^^^^^^^^^^^^^^^^^^^^^^^^^^^^^^^^^^^^^^^^^^^^^^^^^^^
  File "/workspace/scratch/e2e4042ea5fd/work/intune-iac/intune_iac/wizard.py", line 280, in run_wizard
    return run_guided_workflow(session_path, input_path, context_path, output_path, input_fn, output_fn, repo, stack, component)
           ^^^^^^^^^^^^^^^^^^^^^^^^^^^^^^^^^^^^^^^^^^^^^^^^^^^^^^^^^^^^^^^^^^^^^^^^^^^^^^^^^^^^^^^^^^^^^^^^^^^^^^^^^^^^^^^^^^^^^
  File "/workspace/scratch/e2e4042ea5fd/work/intune-iac/intune_iac/workflow.py", line 494, in run_guided_workflow
    return _guide(session_path, state, input_fn, output_fn, fresh, guard)
           ^^^^^^^^^^^^^^^^^^^^^^^^^^^^^^^^^^^^^^^^^^^^^^^^^^^^^^^^^^^^^^
  File "/workspace/scratch/e2e4042ea5fd/work/intune-iac/intune_iac/workflow.py", line 333, in _guide
    observed = _observe(session_path, state)
               ^^^^^^^^^^^^^^^^^^^^^^^^^^^^^
  File "/workspace/scratch/e2e4042ea5fd/work/intune-iac/intune_iac/workflow.py", line 137, in _observe
    from reference.validation import schema_errors
  File "/workspace/scratch/e2e4042ea5fd/work/intune-iac/reference/validation.py", line 12, in <module>
    from jsonschema import Draft202012Validator, FormatChecker
ModuleNotFoundError: No module named 'jsonschema'

======================================================================
ERROR: test_object_selection_changed_cohort_cannot_advance (test_workflow.WorkflowTests.test_object_selection_changed_cohort_cannot_advance)
----------------------------------------------------------------------
Traceback (most recent call last):
  File "/workspace/scratch/e2e4042ea5fd/work/intune-iac/plugin_tests/test_workflow.py", line 64, in test_object_selection_changed_cohort_cannot_advance
    self.run_flow(['save'])
  File "/workspace/scratch/e2e4042ea5fd/work/intune-iac/plugin_tests/test_workflow.py", line 46, in run_flow
    return run_wizard(self.session, input_fn=read, output_fn=self.messages.append, guided=True, **kwargs)
           ^^^^^^^^^^^^^^^^^^^^^^^^^^^^^^^^^^^^^^^^^^^^^^^^^^^^^^^^^^^^^^^^^^^^^^^^^^^^^^^^^^^^^^^^^^^^^^
  File "/workspace/scratch/e2e4042ea5fd/work/intune-iac/intune_iac/wizard.py", line 280, in run_wizard
    return run_guided_workflow(session_path, input_path, context_path, output_path, input_fn, output_fn, repo, stack, component)
           ^^^^^^^^^^^^^^^^^^^^^^^^^^^^^^^^^^^^^^^^^^^^^^^^^^^^^^^^^^^^^^^^^^^^^^^^^^^^^^^^^^^^^^^^^^^^^^^^^^^^^^^^^^^^^^^^^^^^^
  File "/workspace/scratch/e2e4042ea5fd/work/intune-iac/intune_iac/workflow.py", line 494, in run_guided_workflow
    return _guide(session_path, state, input_fn, output_fn, fresh, guard)
           ^^^^^^^^^^^^^^^^^^^^^^^^^^^^^^^^^^^^^^^^^^^^^^^^^^^^^^^^^^^^^^
  File "/workspace/scratch/e2e4042ea5fd/work/intune-iac/intune_iac/workflow.py", line 333, in _guide
    observed = _observe(session_path, state)
               ^^^^^^^^^^^^^^^^^^^^^^^^^^^^^
  File "/workspace/scratch/e2e4042ea5fd/work/intune-iac/intune_iac/workflow.py", line 137, in _observe
    from reference.validation import schema_errors
  File "/workspace/scratch/e2e4042ea5fd/work/intune-iac/reference/validation.py", line 12, in <module>
    from jsonschema import Draft202012Validator, FormatChecker
ModuleNotFoundError: No module named 'jsonschema'

======================================================================
ERROR: test_partial_generation_changed_stack_stays_partial (test_workflow.WorkflowTests.test_partial_generation_changed_stack_stays_partial)
----------------------------------------------------------------------
Traceback (most recent call last):
  File "/workspace/scratch/e2e4042ea5fd/work/intune-iac/plugin_tests/test_workflow.py", line 71, in test_partial_generation_changed_stack_stays_partial
    self.run_flow([POLICY, 'save'])
  File "/workspace/scratch/e2e4042ea5fd/work/intune-iac/plugin_tests/test_workflow.py", line 46, in run_flow
    return run_wizard(self.session, input_fn=read, output_fn=self.messages.append, guided=True, **kwargs)
           ^^^^^^^^^^^^^^^^^^^^^^^^^^^^^^^^^^^^^^^^^^^^^^^^^^^^^^^^^^^^^^^^^^^^^^^^^^^^^^^^^^^^^^^^^^^^^^
  File "/workspace/scratch/e2e4042ea5fd/work/intune-iac/intune_iac/wizard.py", line 280, in run_wizard
    return run_guided_workflow(session_path, input_path, context_path, output_path, input_fn, output_fn, repo, stack, component)
           ^^^^^^^^^^^^^^^^^^^^^^^^^^^^^^^^^^^^^^^^^^^^^^^^^^^^^^^^^^^^^^^^^^^^^^^^^^^^^^^^^^^^^^^^^^^^^^^^^^^^^^^^^^^^^^^^^^^^^
  File "/workspace/scratch/e2e4042ea5fd/work/intune-iac/intune_iac/workflow.py", line 494, in run_guided_workflow
    return _guide(session_path, state, input_fn, output_fn, fresh, guard)
           ^^^^^^^^^^^^^^^^^^^^^^^^^^^^^^^^^^^^^^^^^^^^^^^^^^^^^^^^^^^^^^
  File "/workspace/scratch/e2e4042ea5fd/work/intune-iac/intune_iac/workflow.py", line 333, in _guide
    observed = _observe(session_path, state)
               ^^^^^^^^^^^^^^^^^^^^^^^^^^^^^
  File "/workspace/scratch/e2e4042ea5fd/work/intune-iac/intune_iac/workflow.py", line 137, in _observe
    from reference.validation import schema_errors
  File "/workspace/scratch/e2e4042ea5fd/work/intune-iac/reference/validation.py", line 12, in <module>
    from jsonschema import Draft202012Validator, FormatChecker
ModuleNotFoundError: No module named 'jsonschema'

======================================================================
ERROR: test_partial_mapping_emits_blockers_and_no_active_iac (test_workflow.WorkflowTests.test_partial_mapping_emits_blockers_and_no_active_iac)
----------------------------------------------------------------------
Traceback (most recent call last):
  File "/workspace/scratch/e2e4042ea5fd/work/intune-iac/plugin_tests/test_workflow.py", line 278, in test_partial_mapping_emits_blockers_and_no_active_iac
    result = self.run_flow([POLICY, 'generate', 'finish'])
             ^^^^^^^^^^^^^^^^^^^^^^^^^^^^^^^^^^^^^^^^^^^^^
  File "/workspace/scratch/e2e4042ea5fd/work/intune-iac/plugin_tests/test_workflow.py", line 46, in run_flow
    return run_wizard(self.session, input_fn=read, output_fn=self.messages.append, guided=True, **kwargs)
           ^^^^^^^^^^^^^^^^^^^^^^^^^^^^^^^^^^^^^^^^^^^^^^^^^^^^^^^^^^^^^^^^^^^^^^^^^^^^^^^^^^^^^^^^^^^^^^
  File "/workspace/scratch/e2e4042ea5fd/work/intune-iac/intune_iac/wizard.py", line 280, in run_wizard
    return run_guided_workflow(session_path, input_path, context_path, output_path, input_fn, output_fn, repo, stack, component)
           ^^^^^^^^^^^^^^^^^^^^^^^^^^^^^^^^^^^^^^^^^^^^^^^^^^^^^^^^^^^^^^^^^^^^^^^^^^^^^^^^^^^^^^^^^^^^^^^^^^^^^^^^^^^^^^^^^^^^^
  File "/workspace/scratch/e2e4042ea5fd/work/intune-iac/intune_iac/workflow.py", line 494, in run_guided_workflow
    return _guide(session_path, state, input_fn, output_fn, fresh, guard)
           ^^^^^^^^^^^^^^^^^^^^^^^^^^^^^^^^^^^^^^^^^^^^^^^^^^^^^^^^^^^^^^
  File "/workspace/scratch/e2e4042ea5fd/work/intune-iac/intune_iac/workflow.py", line 333, in _guide
    observed = _observe(session_path, state)
               ^^^^^^^^^^^^^^^^^^^^^^^^^^^^^
  File "/workspace/scratch/e2e4042ea5fd/work/intune-iac/intune_iac/workflow.py", line 137, in _observe
    from reference.validation import schema_errors
  File "/workspace/scratch/e2e4042ea5fd/work/intune-iac/reference/validation.py", line 12, in <module>
    from jsonschema import Draft202012Validator, FormatChecker
ModuleNotFoundError: No module named 'jsonschema'

======================================================================
ERROR: test_production_capture_remains_inactive_in_guided_repository_journey (test_workflow.WorkflowTests.test_production_capture_remains_inactive_in_guided_repository_journey)
----------------------------------------------------------------------
Traceback (most recent call last):
  File "/workspace/scratch/e2e4042ea5fd/work/intune-iac/plugin_tests/test_workflow.py", line 267, in test_production_capture_remains_inactive_in_guided_repository_journey
    result = run_wizard(self.session, input_path=self.source, context_path=self.context, output_path=self.output,
             ^^^^^^^^^^^^^^^^^^^^^^^^^^^^^^^^^^^^^^^^^^^^^^^^^^^^^^^^^^^^^^^^^^^^^^^^^^^^^^^^^^^^^^^^^^^^^^^^^^^^
  File "/workspace/scratch/e2e4042ea5fd/work/intune-iac/intune_iac/wizard.py", line 280, in run_wizard
    return run_guided_workflow(session_path, input_path, context_path, output_path, input_fn, output_fn, repo, stack, component)
           ^^^^^^^^^^^^^^^^^^^^^^^^^^^^^^^^^^^^^^^^^^^^^^^^^^^^^^^^^^^^^^^^^^^^^^^^^^^^^^^^^^^^^^^^^^^^^^^^^^^^^^^^^^^^^^^^^^^^^
  File "/workspace/scratch/e2e4042ea5fd/work/intune-iac/intune_iac/workflow.py", line 494, in run_guided_workflow
    return _guide(session_path, state, input_fn, output_fn, fresh, guard)
           ^^^^^^^^^^^^^^^^^^^^^^^^^^^^^^^^^^^^^^^^^^^^^^^^^^^^^^^^^^^^^^
  File "/workspace/scratch/e2e4042ea5fd/work/intune-iac/intune_iac/workflow.py", line 333, in _guide
    observed = _observe(session_path, state)
               ^^^^^^^^^^^^^^^^^^^^^^^^^^^^^
  File "/workspace/scratch/e2e4042ea5fd/work/intune-iac/intune_iac/workflow.py", line 137, in _observe
    from reference.validation import schema_errors
  File "/workspace/scratch/e2e4042ea5fd/work/intune-iac/reference/validation.py", line 12, in <module>
    from jsonschema import Draft202012Validator, FormatChecker
ModuleNotFoundError: No module named 'jsonschema'

======================================================================
ERROR: test_receipt_dependency_cycle_and_symlink_are_rejected (test_workflow.WorkflowTests.test_receipt_dependency_cycle_and_symlink_are_rejected)
----------------------------------------------------------------------
Traceback (most recent call last):
  File "/workspace/scratch/e2e4042ea5fd/work/intune-iac/plugin_tests/test_workflow.py", line 111, in test_receipt_dependency_cycle_and_symlink_are_rejected
    self.run_flow([POLICY, 'save'])
  File "/workspace/scratch/e2e4042ea5fd/work/intune-iac/plugin_tests/test_workflow.py", line 46, in run_flow
    return run_wizard(self.session, input_fn=read, output_fn=self.messages.append, guided=True, **kwargs)
           ^^^^^^^^^^^^^^^^^^^^^^^^^^^^^^^^^^^^^^^^^^^^^^^^^^^^^^^^^^^^^^^^^^^^^^^^^^^^^^^^^^^^^^^^^^^^^^
  File "/workspace/scratch/e2e4042ea5fd/work/intune-iac/intune_iac/wizard.py", line 280, in run_wizard
    return run_guided_workflow(session_path, input_path, context_path, output_path, input_fn, output_fn, repo, stack, component)
           ^^^^^^^^^^^^^^^^^^^^^^^^^^^^^^^^^^^^^^^^^^^^^^^^^^^^^^^^^^^^^^^^^^^^^^^^^^^^^^^^^^^^^^^^^^^^^^^^^^^^^^^^^^^^^^^^^^^^^
  File "/workspace/scratch/e2e4042ea5fd/work/intune-iac/intune_iac/workflow.py", line 494, in run_guided_workflow
    return _guide(session_path, state, input_fn, output_fn, fresh, guard)
           ^^^^^^^^^^^^^^^^^^^^^^^^^^^^^^^^^^^^^^^^^^^^^^^^^^^^^^^^^^^^^^
  File "/workspace/scratch/e2e4042ea5fd/work/intune-iac/intune_iac/workflow.py", line 333, in _guide
    observed = _observe(session_path, state)
               ^^^^^^^^^^^^^^^^^^^^^^^^^^^^^
  File "/workspace/scratch/e2e4042ea5fd/work/intune-iac/intune_iac/workflow.py", line 137, in _observe
    from reference.validation import schema_errors
  File "/workspace/scratch/e2e4042ea5fd/work/intune-iac/reference/validation.py", line 12, in <module>
    from jsonschema import Draft202012Validator, FormatChecker
ModuleNotFoundError: No module named 'jsonschema'

======================================================================
ERROR: test_receipt_failure_after_generation_retains_unknown_outcome (test_workflow.WorkflowTests.test_receipt_failure_after_generation_retains_unknown_outcome)
----------------------------------------------------------------------
Traceback (most recent call last):
  File "/workspace/scratch/e2e4042ea5fd/work/intune-iac/plugin_tests/test_workflow.py", line 163, in test_receipt_failure_after_generation_retains_unknown_outcome
    self.run_flow([POLICY, 'save'])
  File "/workspace/scratch/e2e4042ea5fd/work/intune-iac/plugin_tests/test_workflow.py", line 46, in run_flow
    return run_wizard(self.session, input_fn=read, output_fn=self.messages.append, guided=True, **kwargs)
           ^^^^^^^^^^^^^^^^^^^^^^^^^^^^^^^^^^^^^^^^^^^^^^^^^^^^^^^^^^^^^^^^^^^^^^^^^^^^^^^^^^^^^^^^^^^^^^
  File "/workspace/scratch/e2e4042ea5fd/work/intune-iac/intune_iac/wizard.py", line 280, in run_wizard
    return run_guided_workflow(session_path, input_path, context_path, output_path, input_fn, output_fn, repo, stack, component)
           ^^^^^^^^^^^^^^^^^^^^^^^^^^^^^^^^^^^^^^^^^^^^^^^^^^^^^^^^^^^^^^^^^^^^^^^^^^^^^^^^^^^^^^^^^^^^^^^^^^^^^^^^^^^^^^^^^^^^^
  File "/workspace/scratch/e2e4042ea5fd/work/intune-iac/intune_iac/workflow.py", line 494, in run_guided_workflow
    return _guide(session_path, state, input_fn, output_fn, fresh, guard)
           ^^^^^^^^^^^^^^^^^^^^^^^^^^^^^^^^^^^^^^^^^^^^^^^^^^^^^^^^^^^^^^
  File "/workspace/scratch/e2e4042ea5fd/work/intune-iac/intune_iac/workflow.py", line 333, in _guide
    observed = _observe(session_path, state)
               ^^^^^^^^^^^^^^^^^^^^^^^^^^^^^
  File "/workspace/scratch/e2e4042ea5fd/work/intune-iac/intune_iac/workflow.py", line 137, in _observe
    from reference.validation import schema_errors
  File "/workspace/scratch/e2e4042ea5fd/work/intune-iac/reference/validation.py", line 12, in <module>
    from jsonschema import Draft202012Validator, FormatChecker
ModuleNotFoundError: No module named 'jsonschema'

======================================================================
ERROR: test_rehashed_forged_receipt_fails_independent_derivation (test_workflow.WorkflowTests.test_rehashed_forged_receipt_fails_independent_derivation)
----------------------------------------------------------------------
Traceback (most recent call last):
  File "/workspace/scratch/e2e4042ea5fd/work/intune-iac/plugin_tests/test_workflow.py", line 85, in test_rehashed_forged_receipt_fails_independent_derivation
    self.run_flow([POLICY, 'save'])
  File "/workspace/scratch/e2e4042ea5fd/work/intune-iac/plugin_tests/test_workflow.py", line 46, in run_flow
    return run_wizard(self.session, input_fn=read, output_fn=self.messages.append, guided=True, **kwargs)
           ^^^^^^^^^^^^^^^^^^^^^^^^^^^^^^^^^^^^^^^^^^^^^^^^^^^^^^^^^^^^^^^^^^^^^^^^^^^^^^^^^^^^^^^^^^^^^^
  File "/workspace/scratch/e2e4042ea5fd/work/intune-iac/intune_iac/wizard.py", line 280, in run_wizard
    return run_guided_workflow(session_path, input_path, context_path, output_path, input_fn, output_fn, repo, stack, component)
           ^^^^^^^^^^^^^^^^^^^^^^^^^^^^^^^^^^^^^^^^^^^^^^^^^^^^^^^^^^^^^^^^^^^^^^^^^^^^^^^^^^^^^^^^^^^^^^^^^^^^^^^^^^^^^^^^^^^^^
  File "/workspace/scratch/e2e4042ea5fd/work/intune-iac/intune_iac/workflow.py", line 494, in run_guided_workflow
    return _guide(session_path, state, input_fn, output_fn, fresh, guard)
           ^^^^^^^^^^^^^^^^^^^^^^^^^^^^^^^^^^^^^^^^^^^^^^^^^^^^^^^^^^^^^^
  File "/workspace/scratch/e2e4042ea5fd/work/intune-iac/intune_iac/workflow.py", line 333, in _guide
    observed = _observe(session_path, state)
               ^^^^^^^^^^^^^^^^^^^^^^^^^^^^^
  File "/workspace/scratch/e2e4042ea5fd/work/intune-iac/intune_iac/workflow.py", line 137, in _observe
    from reference.validation import schema_errors
  File "/workspace/scratch/e2e4042ea5fd/work/intune-iac/reference/validation.py", line 12, in <module>
    from jsonschema import Draft202012Validator, FormatChecker
ModuleNotFoundError: No module named 'jsonschema'

======================================================================
ERROR: test_repository_mode_rejects_synthetic_core_active_generation (test_workflow.WorkflowTests.test_repository_mode_rejects_synthetic_core_active_generation)
----------------------------------------------------------------------
Traceback (most recent call last):
  File "/workspace/scratch/e2e4042ea5fd/work/intune-iac/plugin_tests/test_workflow.py", line 206, in test_repository_mode_rejects_synthetic_core_active_generation
    result = run_wizard(self.session, input_path=self.source, context_path=self.context, output_path=self.output,
             ^^^^^^^^^^^^^^^^^^^^^^^^^^^^^^^^^^^^^^^^^^^^^^^^^^^^^^^^^^^^^^^^^^^^^^^^^^^^^^^^^^^^^^^^^^^^^^^^^^^^
  File "/workspace/scratch/e2e4042ea5fd/work/intune-iac/intune_iac/wizard.py", line 280, in run_wizard
    return run_guided_workflow(session_path, input_path, context_path, output_path, input_fn, output_fn, repo, stack, component)
           ^^^^^^^^^^^^^^^^^^^^^^^^^^^^^^^^^^^^^^^^^^^^^^^^^^^^^^^^^^^^^^^^^^^^^^^^^^^^^^^^^^^^^^^^^^^^^^^^^^^^^^^^^^^^^^^^^^^^^
  File "/workspace/scratch/e2e4042ea5fd/work/intune-iac/intune_iac/workflow.py", line 494, in run_guided_workflow
    return _guide(session_path, state, input_fn, output_fn, fresh, guard)
           ^^^^^^^^^^^^^^^^^^^^^^^^^^^^^^^^^^^^^^^^^^^^^^^^^^^^^^^^^^^^^^
  File "/workspace/scratch/e2e4042ea5fd/work/intune-iac/intune_iac/workflow.py", line 333, in _guide
    observed = _observe(session_path, state)
               ^^^^^^^^^^^^^^^^^^^^^^^^^^^^^
  File "/workspace/scratch/e2e4042ea5fd/work/intune-iac/intune_iac/workflow.py", line 137, in _observe
    from reference.validation import schema_errors
  File "/workspace/scratch/e2e4042ea5fd/work/intune-iac/reference/validation.py", line 12, in <module>
    from jsonschema import Draft202012Validator, FormatChecker
ModuleNotFoundError: No module named 'jsonschema'

======================================================================
ERROR: test_saved_frontier_caps_forged_completed_list (test_workflow.WorkflowTests.test_saved_frontier_caps_forged_completed_list)
----------------------------------------------------------------------
Traceback (most recent call last):
  File "/workspace/scratch/e2e4042ea5fd/work/intune-iac/plugin_tests/test_workflow.py", line 104, in test_saved_frontier_caps_forged_completed_list
    self.run_flow([POLICY, 'generate', 'finish'])
  File "/workspace/scratch/e2e4042ea5fd/work/intune-iac/plugin_tests/test_workflow.py", line 46, in run_flow
    return run_wizard(self.session, input_fn=read, output_fn=self.messages.append, guided=True, **kwargs)
           ^^^^^^^^^^^^^^^^^^^^^^^^^^^^^^^^^^^^^^^^^^^^^^^^^^^^^^^^^^^^^^^^^^^^^^^^^^^^^^^^^^^^^^^^^^^^^^
  File "/workspace/scratch/e2e4042ea5fd/work/intune-iac/intune_iac/wizard.py", line 280, in run_wizard
    return run_guided_workflow(session_path, input_path, context_path, output_path, input_fn, output_fn, repo, stack, component)
           ^^^^^^^^^^^^^^^^^^^^^^^^^^^^^^^^^^^^^^^^^^^^^^^^^^^^^^^^^^^^^^^^^^^^^^^^^^^^^^^^^^^^^^^^^^^^^^^^^^^^^^^^^^^^^^^^^^^^^
  File "/workspace/scratch/e2e4042ea5fd/work/intune-iac/intune_iac/workflow.py", line 494, in run_guided_workflow
    return _guide(session_path, state, input_fn, output_fn, fresh, guard)
           ^^^^^^^^^^^^^^^^^^^^^^^^^^^^^^^^^^^^^^^^^^^^^^^^^^^^^^^^^^^^^^
  File "/workspace/scratch/e2e4042ea5fd/work/intune-iac/intune_iac/workflow.py", line 333, in _guide
    observed = _observe(session_path, state)
               ^^^^^^^^^^^^^^^^^^^^^^^^^^^^^
  File "/workspace/scratch/e2e4042ea5fd/work/intune-iac/intune_iac/workflow.py", line 137, in _observe
    from reference.validation import schema_errors
  File "/workspace/scratch/e2e4042ea5fd/work/intune-iac/reference/validation.py", line 12, in <module>
    from jsonschema import Draft202012Validator, FormatChecker
ModuleNotFoundError: No module named 'jsonschema'

======================================================================
ERROR: test_session_is_reread_under_lock_before_using_saved_intent (test_workflow.WorkflowTests.test_session_is_reread_under_lock_before_using_saved_intent)
----------------------------------------------------------------------
Traceback (most recent call last):
  File "/workspace/scratch/e2e4042ea5fd/work/intune-iac/plugin_tests/test_workflow.py", line 213, in test_session_is_reread_under_lock_before_using_saved_intent
    self.run_flow([POLICY, 'save'])
  File "/workspace/scratch/e2e4042ea5fd/work/intune-iac/plugin_tests/test_workflow.py", line 46, in run_flow
    return run_wizard(self.session, input_fn=read, output_fn=self.messages.append, guided=True, **kwargs)
           ^^^^^^^^^^^^^^^^^^^^^^^^^^^^^^^^^^^^^^^^^^^^^^^^^^^^^^^^^^^^^^^^^^^^^^^^^^^^^^^^^^^^^^^^^^^^^^
  File "/workspace/scratch/e2e4042ea5fd/work/intune-iac/intune_iac/wizard.py", line 280, in run_wizard
    return run_guided_workflow(session_path, input_path, context_path, output_path, input_fn, output_fn, repo, stack, component)
           ^^^^^^^^^^^^^^^^^^^^^^^^^^^^^^^^^^^^^^^^^^^^^^^^^^^^^^^^^^^^^^^^^^^^^^^^^^^^^^^^^^^^^^^^^^^^^^^^^^^^^^^^^^^^^^^^^^^^^
  File "/workspace/scratch/e2e4042ea5fd/work/intune-iac/intune_iac/workflow.py", line 494, in run_guided_workflow
    return _guide(session_path, state, input_fn, output_fn, fresh, guard)
           ^^^^^^^^^^^^^^^^^^^^^^^^^^^^^^^^^^^^^^^^^^^^^^^^^^^^^^^^^^^^^^
  File "/workspace/scratch/e2e4042ea5fd/work/intune-iac/intune_iac/workflow.py", line 333, in _guide
    observed = _observe(session_path, state)
               ^^^^^^^^^^^^^^^^^^^^^^^^^^^^^
  File "/workspace/scratch/e2e4042ea5fd/work/intune-iac/intune_iac/workflow.py", line 137, in _observe
    from reference.validation import schema_errors
  File "/workspace/scratch/e2e4042ea5fd/work/intune-iac/reference/validation.py", line 12, in <module>
    from jsonschema import Draft202012Validator, FormatChecker
ModuleNotFoundError: No module named 'jsonschema'

======================================================================
ERROR: test_source_change_after_prompt_prevents_generation (test_workflow.WorkflowTests.test_source_change_after_prompt_prevents_generation)
----------------------------------------------------------------------
Traceback (most recent call last):
  File "/workspace/scratch/e2e4042ea5fd/work/intune-iac/plugin_tests/test_workflow.py", line 180, in test_source_change_after_prompt_prevents_generation
    self.run_flow([POLICY, change, 'save'])
  File "/workspace/scratch/e2e4042ea5fd/work/intune-iac/plugin_tests/test_workflow.py", line 46, in run_flow
    return run_wizard(self.session, input_fn=read, output_fn=self.messages.append, guided=True, **kwargs)
           ^^^^^^^^^^^^^^^^^^^^^^^^^^^^^^^^^^^^^^^^^^^^^^^^^^^^^^^^^^^^^^^^^^^^^^^^^^^^^^^^^^^^^^^^^^^^^^
  File "/workspace/scratch/e2e4042ea5fd/work/intune-iac/intune_iac/wizard.py", line 280, in run_wizard
    return run_guided_workflow(session_path, input_path, context_path, output_path, input_fn, output_fn, repo, stack, component)
           ^^^^^^^^^^^^^^^^^^^^^^^^^^^^^^^^^^^^^^^^^^^^^^^^^^^^^^^^^^^^^^^^^^^^^^^^^^^^^^^^^^^^^^^^^^^^^^^^^^^^^^^^^^^^^^^^^^^^^
  File "/workspace/scratch/e2e4042ea5fd/work/intune-iac/intune_iac/workflow.py", line 494, in run_guided_workflow
    return _guide(session_path, state, input_fn, output_fn, fresh, guard)
           ^^^^^^^^^^^^^^^^^^^^^^^^^^^^^^^^^^^^^^^^^^^^^^^^^^^^^^^^^^^^^^
  File "/workspace/scratch/e2e4042ea5fd/work/intune-iac/intune_iac/workflow.py", line 333, in _guide
    observed = _observe(session_path, state)
               ^^^^^^^^^^^^^^^^^^^^^^^^^^^^^
  File "/workspace/scratch/e2e4042ea5fd/work/intune-iac/intune_iac/workflow.py", line 137, in _observe
    from reference.validation import schema_errors
  File "/workspace/scratch/e2e4042ea5fd/work/intune-iac/reference/validation.py", line 12, in <module>
    from jsonschema import Draft202012Validator, FormatChecker
ModuleNotFoundError: No module named 'jsonschema'

======================================================================
ERROR: test_synthetic_receipt_cannot_claim_real_assurance_even_if_rehashed (test_workflow.WorkflowTests.test_synthetic_receipt_cannot_claim_real_assurance_even_if_rehashed)
----------------------------------------------------------------------
Traceback (most recent call last):
  File "/workspace/scratch/e2e4042ea5fd/work/intune-iac/plugin_tests/test_workflow.py", line 184, in test_synthetic_receipt_cannot_claim_real_assurance_even_if_rehashed
    self.run_flow([POLICY, 'save'])
  File "/workspace/scratch/e2e4042ea5fd/work/intune-iac/plugin_tests/test_workflow.py", line 46, in run_flow
    return run_wizard(self.session, input_fn=read, output_fn=self.messages.append, guided=True, **kwargs)
           ^^^^^^^^^^^^^^^^^^^^^^^^^^^^^^^^^^^^^^^^^^^^^^^^^^^^^^^^^^^^^^^^^^^^^^^^^^^^^^^^^^^^^^^^^^^^^^
  File "/workspace/scratch/e2e4042ea5fd/work/intune-iac/intune_iac/wizard.py", line 280, in run_wizard
    return run_guided_workflow(session_path, input_path, context_path, output_path, input_fn, output_fn, repo, stack, component)
           ^^^^^^^^^^^^^^^^^^^^^^^^^^^^^^^^^^^^^^^^^^^^^^^^^^^^^^^^^^^^^^^^^^^^^^^^^^^^^^^^^^^^^^^^^^^^^^^^^^^^^^^^^^^^^^^^^^^^^
  File "/workspace/scratch/e2e4042ea5fd/work/intune-iac/intune_iac/workflow.py", line 494, in run_guided_workflow
    return _guide(session_path, state, input_fn, output_fn, fresh, guard)
           ^^^^^^^^^^^^^^^^^^^^^^^^^^^^^^^^^^^^^^^^^^^^^^^^^^^^^^^^^^^^^^
  File "/workspace/scratch/e2e4042ea5fd/work/intune-iac/intune_iac/workflow.py", line 333, in _guide
    observed = _observe(session_path, state)
               ^^^^^^^^^^^^^^^^^^^^^^^^^^^^^
  File "/workspace/scratch/e2e4042ea5fd/work/intune-iac/intune_iac/workflow.py", line 137, in _observe
    from reference.validation import schema_errors
  File "/workspace/scratch/e2e4042ea5fd/work/intune-iac/reference/validation.py", line 12, in <module>
    from jsonschema import Draft202012Validator, FormatChecker
ModuleNotFoundError: No module named 'jsonschema'

======================================================================
ERROR: test_unknown_outcome_never_replays_generation (test_workflow.WorkflowTests.test_unknown_outcome_never_replays_generation)
----------------------------------------------------------------------
Traceback (most recent call last):
  File "/workspace/scratch/e2e4042ea5fd/work/intune-iac/plugin_tests/test_workflow.py", line 132, in test_unknown_outcome_never_replays_generation
    self.run_flow([POLICY, 'save'])
  File "/workspace/scratch/e2e4042ea5fd/work/intune-iac/plugin_tests/test_workflow.py", line 46, in run_flow
    return run_wizard(self.session, input_fn=read, output_fn=self.messages.append, guided=True, **kwargs)
           ^^^^^^^^^^^^^^^^^^^^^^^^^^^^^^^^^^^^^^^^^^^^^^^^^^^^^^^^^^^^^^^^^^^^^^^^^^^^^^^^^^^^^^^^^^^^^^
  File "/workspace/scratch/e2e4042ea5fd/work/intune-iac/intune_iac/wizard.py", line 280, in run_wizard
    return run_guided_workflow(session_path, input_path, context_path, output_path, input_fn, output_fn, repo, stack, component)
           ^^^^^^^^^^^^^^^^^^^^^^^^^^^^^^^^^^^^^^^^^^^^^^^^^^^^^^^^^^^^^^^^^^^^^^^^^^^^^^^^^^^^^^^^^^^^^^^^^^^^^^^^^^^^^^^^^^^^^
  File "/workspace/scratch/e2e4042ea5fd/work/intune-iac/intune_iac/workflow.py", line 494, in run_guided_workflow
    return _guide(session_path, state, input_fn, output_fn, fresh, guard)
           ^^^^^^^^^^^^^^^^^^^^^^^^^^^^^^^^^^^^^^^^^^^^^^^^^^^^^^^^^^^^^^
  File "/workspace/scratch/e2e4042ea5fd/work/intune-iac/intune_iac/workflow.py", line 333, in _guide
    observed = _observe(session_path, state)
               ^^^^^^^^^^^^^^^^^^^^^^^^^^^^^
  File "/workspace/scratch/e2e4042ea5fd/work/intune-iac/intune_iac/workflow.py", line 137, in _observe
    from reference.validation import schema_errors
  File "/workspace/scratch/e2e4042ea5fd/work/intune-iac/reference/validation.py", line 12, in <module>
    from jsonschema import Draft202012Validator, FormatChecker
ModuleNotFoundError: No module named 'jsonschema'

======================================================================
FAIL: test_doctor_does_not_claim_live_qualification (test_cli.CliTests.test_doctor_does_not_claim_live_qualification)
----------------------------------------------------------------------
Traceback (most recent call last):
  File "/workspace/scratch/e2e4042ea5fd/work/intune-iac/plugin_tests/test_cli.py", line 24, in test_doctor_does_not_claim_live_qualification
    self.assertEqual(result.returncode,0,result.stderr)
AssertionError: 5 != 0 : 

======================================================================
FAIL: test_inspect_reports_blockers_with_exit_two (test_cli.CliTests.test_inspect_reports_blockers_with_exit_two)
----------------------------------------------------------------------
Traceback (most recent call last):
  File "/workspace/scratch/e2e4042ea5fd/work/intune-iac/plugin_tests/test_cli.py", line 31, in test_inspect_reports_blockers_with_exit_two
    self.assertEqual(result.returncode,2,result.stderr)
AssertionError: 5 != 2 : {"status": "error", "error": {"code": "missing_dependencies", "message": "Install the pinned runtime requirements in your Python environment."}}


======================================================================
FAIL: test_mcp_preview_never_creates_state_or_output (test_cli.CliTests.test_mcp_preview_never_creates_state_or_output)
----------------------------------------------------------------------
Traceback (most recent call last):
  File "/workspace/scratch/e2e4042ea5fd/work/intune-iac/plugin_tests/test_cli.py", line 55, in test_mcp_preview_never_creates_state_or_output
    self.assertFalse(lines[-1]['result'].get('isError',False),lines)
AssertionError: True is not false : [{'jsonrpc': '2.0', 'id': 0, 'result': {'protocolVersion': '2025-06-18', 'capabilities': {'tools': {'listChanged': False}}, 'serverInfo': {'name': 'intune-iac', 'version': '0.3.1'}}}, {'jsonrpc': '2.0', 'id': 1, 'result': {'content': [{'type': 'text', 'text': '{"error":{"code":"tool_failed","message":"Local tool failed validation or prerequisites."}}'}], 'isError': True}}]

======================================================================
FAIL: test_invalid_target_is_nonzero_and_collect_needs_explicit_tokens (test_enterprise_cli.EnterpriseCliTests.test_invalid_target_is_nonzero_and_collect_needs_explicit_tokens)
----------------------------------------------------------------------
Traceback (most recent call last):
  File "/workspace/scratch/e2e4042ea5fd/work/intune-iac/plugin_tests/test_enterprise_cli.py", line 70, in test_invalid_target_is_nonzero_and_collect_needs_explicit_tokens
    self.assertEqual(code, 3)
AssertionError: 5 != 3

======================================================================
FAIL: test_large_unselected_inventory_keeps_lineage_bounded (test_preservation_audit.PreservationAuditTests.test_large_unselected_inventory_keeps_lineage_bounded)
----------------------------------------------------------------------
Traceback (most recent call last):
  File "/workspace/scratch/e2e4042ea5fd/work/intune-iac/plugin_tests/test_preservation_audit.py", line 139, in test_large_unselected_inventory_keeps_lineage_bounded
    self.assertEqual(completed.returncode, 0, completed.stderr)
AssertionError: 1 != 0 : Traceback (most recent call last):
  File "<string>", line 12, in <module>
AssertionError


======================================================================
FAIL: test_production_assignment_source_must_be_observed (test_preservation_audit.PreservationAuditTests.test_production_assignment_source_must_be_observed)
----------------------------------------------------------------------
Traceback (most recent call last):
  File "/workspace/scratch/e2e4042ea5fd/work/intune-iac/plugin_tests/test_preservation_audit.py", line 95, in test_production_assignment_source_must_be_observed
    self.assertEqual(compare(json.dumps(source).encode(), result, context=context), [])
AssertionError: Lists differ: ['production_source_validation_failed'] != []

First list contains 1 additional elements.
First extra element 0:
'production_source_validation_failed'

- ['production_source_validation_failed']
+ []

======================================================================
FAIL: test_production_lineage_accounts_for_destinations_and_retention (test_preservation_audit.PreservationAuditTests.test_production_lineage_accounts_for_destinations_and_retention)
----------------------------------------------------------------------
Traceback (most recent call last):
  File "/workspace/scratch/e2e4042ea5fd/work/intune-iac/plugin_tests/test_preservation_audit.py", line 187, in test_production_lineage_accounts_for_destinations_and_retention
    self.assertEqual(compare(json.dumps(source).encode(), blocked, context=context), [])
AssertionError: Lists differ: ['production_source_validation_failed'] != []

First list contains 1 additional elements.
First extra element 0:
'production_source_validation_failed'

- ['production_source_validation_failed']
+ []

======================================================================
FAIL: test_private_pin_and_containers_have_no_public_value_hash (test_restricted_hashes.RestrictedHashesTests.test_private_pin_and_containers_have_no_public_value_hash)
----------------------------------------------------------------------
Traceback (most recent call last):
  File "/workspace/scratch/e2e4042ea5fd/work/intune-iac/plugin_tests/test_restricted_hashes.py", line 21, in test_private_pin_and_containers_have_no_public_value_hash
    self.assertEqual(compare(json.dumps(source).encode(), normalized, context=context), [])
AssertionError: Lists differ: ['production_source_validation_failed'] != []

First list contains 1 additional elements.
First extra element 0:
'production_source_validation_failed'

- ['production_source_validation_failed']
+ []

======================================================================
FAIL: test_unselected_value_hash_is_not_a_dictionary_oracle (test_restricted_hashes.RestrictedHashesTests.test_unselected_value_hash_is_not_a_dictionary_oracle)
----------------------------------------------------------------------
Traceback (most recent call last):
  File "/workspace/scratch/e2e4042ea5fd/work/intune-iac/plugin_tests/test_restricted_hashes.py", line 29, in test_unselected_value_hash_is_not_a_dictionary_oracle
    self.assertEqual(compare(json.dumps(source).encode(), normalized, context=context), [])
AssertionError: Lists differ: ['production_source_validation_failed'] != []

First list contains 1 additional elements.
First extra element 0:
'production_source_validation_failed'

- ['production_source_validation_failed']
+ []

======================================================================
FAIL: test_real_graph_build_and_query (test_runner.RunnerTests.test_real_graph_build_and_query)
----------------------------------------------------------------------
Traceback (most recent call last):
  File "/workspace/scratch/e2e4042ea5fd/work/intune-iac/plugin_tests/test_runner.py", line 127, in test_real_graph_build_and_query
    self.assertEqual(built['status'], 'succeeded_verified')
AssertionError: 'outcome_unknown' != 'succeeded_verified'
- outcome_unknown
+ succeeded_verified


======================================================================
FAIL: test_real_inspect_generate_and_safe_conflict (test_runner.RunnerTests.test_real_inspect_generate_and_safe_conflict)
----------------------------------------------------------------------
Traceback (most recent call last):
  File "/workspace/scratch/e2e4042ea5fd/work/intune-iac/plugin_tests/test_runner.py", line 109, in test_real_inspect_generate_and_safe_conflict
    self.assertEqual(inspected['status'], 'succeeded_verified')
AssertionError: 'rejected' != 'succeeded_verified'
- rejected
+ succeeded_verified


======================================================================
FAIL: test_back_and_edit_reopen_intake_and_reinspect (test_wizard.WizardTests.test_back_and_edit_reopen_intake_and_reinspect)
----------------------------------------------------------------------
Traceback (most recent call last):
  File "/workspace/scratch/e2e4042ea5fd/work/intune-iac/plugin_tests/test_wizard.py", line 203, in test_back_and_edit_reopen_intake_and_reinspect
    self.assertEqual(result["status"], "complete")
AssertionError: 'suspended' != 'complete'
- suspended
+ complete


======================================================================
FAIL: test_context_bytes_changed_on_resume_invalidates_generated_review (test_wizard.WizardTests.test_context_bytes_changed_on_resume_invalidates_generated_review)
----------------------------------------------------------------------
Traceback (most recent call last):
  File "/workspace/scratch/e2e4042ea5fd/work/intune-iac/plugin_tests/test_wizard.py", line 92, in test_context_bytes_changed_on_resume_invalidates_generated_review
    self.assertTrue(any("bytes changed" in line for line in self.messages))
AssertionError: False is not true

======================================================================
FAIL: test_denied_and_missing_relationships_stay_review_only (test_wizard.WizardTests.test_denied_and_missing_relationships_stay_review_only) (fixture='access-denied')
----------------------------------------------------------------------
Traceback (most recent call last):
  File "/workspace/scratch/e2e4042ea5fd/work/intune-iac/plugin_tests/test_wizard.py", line 149, in test_denied_and_missing_relationships_stay_review_only
    self.assertEqual(result["status"], "complete")
AssertionError: 'suspended' != 'complete'
- suspended
+ complete


======================================================================
FAIL: test_denied_and_missing_relationships_stay_review_only (test_wizard.WizardTests.test_denied_and_missing_relationships_stay_review_only) (fixture='missing-page')
----------------------------------------------------------------------
Traceback (most recent call last):
  File "/workspace/scratch/e2e4042ea5fd/work/intune-iac/plugin_tests/test_wizard.py", line 149, in test_denied_and_missing_relationships_stay_review_only
    self.assertEqual(result["status"], "complete")
AssertionError: 'suspended' != 'complete'
- suspended
+ complete


======================================================================
FAIL: test_denied_and_missing_relationships_stay_review_only (test_wizard.WizardTests.test_denied_and_missing_relationships_stay_review_only)
----------------------------------------------------------------------
Traceback (most recent call last):
  File "/workspace/scratch/e2e4042ea5fd/work/intune-iac/plugin_tests/test_wizard.py", line 155, in test_denied_and_missing_relationships_stay_review_only
    self.assertTrue(any("blocked; review-only" in line for line in self.messages))
AssertionError: False is not true

======================================================================
FAIL: test_policy_selection_uses_uuid_and_own_copy_not_names (test_wizard.WizardTests.test_policy_selection_uses_uuid_and_own_copy_not_names)
----------------------------------------------------------------------
Traceback (most recent call last):
  File "/workspace/scratch/e2e4042ea5fd/work/intune-iac/plugin_tests/test_wizard.py", line 176, in test_policy_selection_uses_uuid_and_own_copy_not_names
    self.assertTrue(any("blocked; review-only" in line for line in self.messages))
AssertionError: False is not true

======================================================================
FAIL: test_production_capture_context_and_repeated_uuid_selection_work (test_wizard.WizardTests.test_production_capture_context_and_repeated_uuid_selection_work)
----------------------------------------------------------------------
Traceback (most recent call last):
  File "/workspace/scratch/e2e4042ea5fd/work/intune-iac/plugin_tests/test_wizard.py", line 194, in test_production_capture_context_and_repeated_uuid_selection_work
    self.assertEqual(result["status"], "complete")
AssertionError: 'suspended' != 'complete'
- suspended
+ complete


======================================================================
FAIL: test_production_export_generates_only_review_artifacts (test_wizard.WizardTests.test_production_export_generates_only_review_artifacts)
----------------------------------------------------------------------
Traceback (most recent call last):
  File "/workspace/scratch/e2e4042ea5fd/work/intune-iac/plugin_tests/test_wizard.py", line 160, in test_production_export_generates_only_review_artifacts
    self.assertEqual(result["status"], "complete")
AssertionError: 'suspended' != 'complete'
- suspended
+ complete


======================================================================
FAIL: test_real_intake_generates_verified_project_and_guides_review (test_wizard.WizardTests.test_real_intake_generates_verified_project_and_guides_review)
----------------------------------------------------------------------
Traceback (most recent call last):
  File "/workspace/scratch/e2e4042ea5fd/work/intune-iac/plugin_tests/test_wizard.py", line 53, in test_real_intake_generates_verified_project_and_guides_review
    self.assertEqual(result["status"], "complete")
AssertionError: 'suspended' != 'complete'
- suspended
+ complete


======================================================================
FAIL: test_save_resume_rechecks_output_and_completes_local_handoff (test_wizard.WizardTests.test_save_resume_rechecks_output_and_completes_local_handoff)
----------------------------------------------------------------------
Traceback (most recent call last):
  File "/workspace/scratch/e2e4042ea5fd/work/intune-iac/plugin_tests/test_wizard.py", line 67, in test_save_resume_rechecks_output_and_completes_local_handoff
    self.assertEqual(result["status"], "complete")
AssertionError: 'suspended' != 'complete'
- suspended
+ complete


======================================================================
FAIL: test_source_bytes_changed_at_prompt_prevent_generation (test_wizard.WizardTests.test_source_bytes_changed_at_prompt_prevent_generation)
----------------------------------------------------------------------
Traceback (most recent call last):
  File "/workspace/scratch/e2e4042ea5fd/work/intune-iac/plugin_tests/test_wizard.py", line 82, in test_source_bytes_changed_at_prompt_prevent_generation
    self.assertTrue(any("bytes changed" in line for line in self.messages))
AssertionError: False is not true

======================================================================
FAIL: test_unowned_output_conflict_can_use_new_path (test_wizard.WizardTests.test_unowned_output_conflict_can_use_new_path)
----------------------------------------------------------------------
Traceback (most recent call last):
  File "/workspace/scratch/e2e4042ea5fd/work/intune-iac/plugin_tests/test_wizard.py", line 137, in test_unowned_output_conflict_can_use_new_path
    self.assertEqual(result["status"], "complete")
AssertionError: 'suspended' != 'complete'
- suspended
+ complete


======================================================================
FAIL: test_change_to_dynamic_repository_blocks_previous_generated_completion (test_wizard_repository.RepositoryWizardTests.test_change_to_dynamic_repository_blocks_previous_generated_completion)
----------------------------------------------------------------------
Traceback (most recent call last):
  File "/workspace/scratch/e2e4042ea5fd/work/intune-iac/plugin_tests/test_wizard_repository.py", line 137, in test_change_to_dynamic_repository_blocks_previous_generated_completion
    self.assertTrue(self.output.exists())
AssertionError: False is not true

======================================================================
FAIL: test_explicit_target_skips_target_prompts_and_default_output_is_usable (test_wizard_repository.RepositoryWizardTests.test_explicit_target_skips_target_prompts_and_default_output_is_usable)
----------------------------------------------------------------------
Traceback (most recent call last):
  File "/workspace/scratch/e2e4042ea5fd/work/intune-iac/plugin_tests/test_wizard_repository.py", line 76, in test_explicit_target_skips_target_prompts_and_default_output_is_usable
    self.assertEqual(result["status"], "review_only")
AssertionError: 'suspended' != 'review_only'
- suspended
+ review_only


======================================================================
FAIL: test_missing_capture_is_prompted_after_repository_selection (test_wizard_repository.RepositoryWizardTests.test_missing_capture_is_prompted_after_repository_selection)
----------------------------------------------------------------------
Traceback (most recent call last):
  File "/workspace/scratch/e2e4042ea5fd/work/intune-iac/plugin_tests/test_wizard_repository.py", line 84, in test_missing_capture_is_prompted_after_repository_selection
    self.assertEqual(result["status"], "review_only")
AssertionError: 'suspended' != 'review_only'
- suspended
+ review_only


======================================================================
FAIL: test_plugin_capture_generates_only_inactive_repository_candidate (test_wizard_repository.RepositoryWizardTests.test_plugin_capture_generates_only_inactive_repository_candidate)
----------------------------------------------------------------------
Traceback (most recent call last):
  File "/workspace/scratch/e2e4042ea5fd/work/intune-iac/plugin_tests/test_wizard_repository.py", line 170, in test_plugin_capture_generates_only_inactive_repository_candidate
    self.assertEqual(result["status"], "complete")
AssertionError: 'suspended' != 'complete'
- suspended
+ complete


======================================================================
FAIL: test_production_review_can_generate_but_repository_change_invalidates_resume (test_wizard_repository.RepositoryWizardTests.test_production_review_can_generate_but_repository_change_invalidates_resume)
----------------------------------------------------------------------
Traceback (most recent call last):
  File "/workspace/scratch/e2e4042ea5fd/work/intune-iac/plugin_tests/test_wizard_repository.py", line 99, in test_production_review_can_generate_but_repository_change_invalidates_resume
    self.assertTrue(first["generated"])
AssertionError: False is not true

======================================================================
FAIL: test_repository_target_creates_owned_context_without_context_prompt (test_wizard_repository.RepositoryWizardTests.test_repository_target_creates_owned_context_without_context_prompt)
----------------------------------------------------------------------
Traceback (most recent call last):
  File "/workspace/scratch/e2e4042ea5fd/work/intune-iac/plugin_tests/test_wizard_repository.py", line 59, in test_repository_target_creates_owned_context_without_context_prompt
    self.assertEqual(result["status"], "review_only")
AssertionError: 'suspended' != 'review_only'
- suspended
+ review_only


======================================================================
FAIL: test_synthetic_repository_target_is_visibly_blocked_for_generation (test_wizard_repository.RepositoryWizardTests.test_synthetic_repository_target_is_visibly_blocked_for_generation)
----------------------------------------------------------------------
Traceback (most recent call last):
  File "/workspace/scratch/e2e4042ea5fd/work/intune-iac/plugin_tests/test_wizard_repository.py", line 91, in test_synthetic_repository_target_is_visibly_blocked_for_generation
    self.assertEqual(result["status"], "review_only")
AssertionError: 'suspended' != 'review_only'
- suspended
+ review_only


======================================================================
FAIL: test_interrupt_saves_and_releases_session_lock (test_workflow_audit.WorkflowAuditTests.test_interrupt_saves_and_releases_session_lock)
----------------------------------------------------------------------
Traceback (most recent call last):
  File "/workspace/scratch/e2e4042ea5fd/work/intune-iac/plugin_tests/test_workflow_audit.py", line 105, in test_interrupt_saves_and_releases_session_lock
    self.assertEqual(resumed['status'], 'review_only')
AssertionError: 'suspended' != 'review_only'
- suspended
+ review_only


----------------------------------------------------------------------
Ran 394 tests in 4.902s

FAILED (failures=31, errors=162)
